<?xml version="1.0" encoding="ISO-8859-1"?>
<metadata>
	<idinfo>
		<citation>
			<citeinfo>
				<origin>United States Geological Survey (USGS)</origin>
				<pubdate>2005</pubdate>
				<title>National Assessment of Oil and Gas Project � Eastern Great Basin Province (019) Total Petroleum Systems</title>
				<geoform>vector digital data</geoform>
				<pubinfo>
					<pubplace>Denver, Colorado</pubplace>
					<publish>U. S. Geological Survey, Central Energy Resources Team</publish>
				</pubinfo>
				<onlink>http://certmapper.cr.usgs.gov/noga/servlet/NogaGISResultsServ?subtheme=19&amp;page=gis&amp;vintage=2000</onlink>
				<lworkcit>
					<citeinfo>
						<origin>Lawrence O. Anna</origin>
						<pubdate>2005</pubdate>
						<title>Petroleum Systems and Geologic Assessment of Oil and Gas in the Eastern Great Basin Province, Arizona, Idaho, Nevada and Utah</title>
						<serinfo>
							<sername>USGS Digital Data Series</sername>
							<issue>DDS-69-L</issue>
						</serinfo>
						<pubinfo>
							<pubplace>Denver, Colorado</pubplace>
							<publish>U.S. Geological Survey, Central Energy Resources Team</publish>
						</pubinfo>
						<onlink>http://pubs.usgs.gov/dds/dds-069/dds-069-l/</onlink>
						<onlink>http://energy.cr.usgs.gov/oilgas/noga/</onlink></citeinfo>
				</lworkcit>
				<ftname Sync="TRUE">tpsMerge5019</ftname></citeinfo>
		</citation>
		<descript>
			<abstract>
The Total Petroleum System is used in the National Assessment Project and incorporates the Assessment Unit, which is the fundamental geologic unit used for the assessment of undiscovered oil and gas resources.  The Total Petroleum System is shown here as a geographic boundary defined and mapped by the geologist responsible for the province and incorporates not only the set of known or postulated oil and (or) gas accumulations, but also the geologic interpretation of the essential elements and processes within the petroleum system that relate to source, generation, migration, accumulation, and trapping of the discovered and undiscovered petroleum resource(s). </abstract>
			<purpose>
The purpose of this map is to define and illustrate the geographic limit and geologic boundaries of the Total Petroleum System as required for the USGS National Assessment of Oil and Gas Project.  The boundaries define the combined limits of the petroleum system elements -- source rock, reservoir rock, seal rock, and trap--which are described and defined in the text portions of this publication.
</purpose>
			<supplinf>
Total Petroleum Systems (TPS) within province 5019 (Eastern Great Basin) are listed here by TPS number and name:
&gt;Number  Name
&gt;501901    Paleozoic-Tertiary Composite
The following is a description of the Online Linkage URLs:

http://certmapper.cr.usgs.gov/noga/servlet/NogaGISResultsServ?subtheme=20&amp;page=gis&amp;vintage=2000  -  GIS Data Download Page for Province 19

http://pubs.usgs.gov/dds/dds-069/dds-069-l/  -  Petroleum Systems and Assessment of the Eastern Great Basin Province, USGS DDS-69-L

http://energy.cr.usgs.gov/oilgas/noga/  -  NOGA Online Homepage</supplinf>
			<langdata Sync="TRUE">en</langdata></descript>
		<timeperd>
			<timeinfo>
				<sngdate>
					<caldate>2005</caldate>
				</sngdate>
			</timeinfo>
			<current>publication date</current>
		</timeperd>
		<status>
			<progress>Complete</progress>
			<update>As needed</update>
		</status>
		<spdom>
			<bounding>
				<westbc>-117.00</westbc>
				<eastbc>-111.15</eastbc>
				<northbc>43.00</northbc>
				<southbc>35.00</southbc>
			</bounding>
			<lboundng><leftbc Sync="TRUE">-117.026222</leftbc><rightbc Sync="TRUE">-111.155830</rightbc><bottombc Sync="TRUE">35.002083</bottombc><topbc Sync="TRUE">43.022343</topbc></lboundng></spdom>
		<keywords>
			<theme>
				<themekt>Central Energy Resources Team Keyword Thesaurus</themekt>
				<themekey>National Assessment of Oil and Gas</themekey>
				<themekey>USGS World Energy Region 5</themekey>
				<themekey>Energy Resources</themekey>
				<themekey>Oil</themekey>
				<themekey>Natural Gas</themekey>
				<themekey>Resource Assessment</themekey>
				<themekey>Earth Science</themekey>
				<themekey>Natural Resources</themekey>
				<themekey>U.S. Geological Survey</themekey>
				<themekey>USGS</themekey>
				<themekey>Geology</themekey>
				<themekey>Total Petroleum System</themekey>
				<themekey> Lawrence O. Anna</themekey>
			</theme>
			<theme>
				<themekt>Gateway to the Earth draft 9 28-Jun-2002</themekt>
				<themekey>Oil shale resources</themekey>
				<themekey>Oil sand resources</themekey>
				<themekey>Coalbed methane resources</themekey>
				<themekey>Gas hydrate resources</themekey>
				<themekey>Natural gas resources</themekey>
				<themekey>Economic geology</themekey>
			</theme>
			<theme>
				<themekt>ArcIMS Metadata Server Theme Codes</themekt>
				<themekey>geoscientificInformation</themekey>
			</theme>
			<place>
				<placekt>none</placekt>
				<placekey>United States</placekey>
				<placekey>USGS World Energy Region 5</placekey>
				<placekey>Eastern Great Basin</placekey>
				<placekey>Great Basin</placekey>
				<placekey>Neogene Basin</placekey>
				<placekey>Neogene Ranges and Structures</placekey>
				<placekey>Central Nevada Thrust Belt</placekey>
				<placekey>Sevier Thrust Belt</placekey>
				<placekey>AZ</placekey>
				<placekey>ID</placekey>
				<placekey>NV</placekey>
				<placekey>UT</placekey>
			</place>
			<place>
				<placekt>Augmented FIPS 10-4 and FIPS 6-4, version 1.0</placekt>
				<placekey>US04 = Arizon</placekey>
				<placekey>US16 = Idaho</placekey>
				<placekey>US32 = Nevada</placekey>
				<placekey>US49 = Utah</placekey>
			</place>
			<place>
				<placekt>USGS Oil and Gas Provinces (NOGA-2000)</placekt>
				<placekey> Eastern Great Basin</placekey>
			</place>
			<place>
				<placekt>USGS Oil and Gas Total Petroleum Systems (NOGA-2000)</placekt>
				<placekey>501901 = Paleozoic-Tertiary Composite</placekey>
			</place>
			<place>
				<placekt>USGS Oil and Gas Assessment Units (NOGA-2000)</placekt>
				<placekey>50190101 = Neogene Basins</placekey>
				<placekey>50190102 = Ranges and Other Structures</placekey>
				<placekey>50190103 = Sevier Thrust System</placekey>
			</place>
		</keywords>
		<accconst>None</accconst>
		<useconst>None</useconst>
		<ptcontac>
			<cntinfo>
				<cntperp>
					<cntper>Christopher J. Schenk</cntper>
					<cntorg>U.S. Geological Survey, Central Energy Resources Team</cntorg>
				</cntperp>
				<cntpos>Geologist</cntpos>
				<cntaddr>
					<addrtype>mailing and physical address</addrtype>
					<address>U.S. Geological Survey, Box 25046, MS 939, Denver Federal Center</address>
					<city>Denver</city>
					<state>Colorado</state>
					<postal>80225</postal>
					<country>USA</country>
				</cntaddr>
				<cntvoice>(303) 236-5796</cntvoice>
				<cntemail>schenk@usgs.gov</cntemail>
			</cntinfo>
		</ptcontac>
		<native Sync="TRUE">Microsoft Windows XP Version 5.1 (Build 2600) Service Pack 3; ESRI ArcCatalog 9.3.1.1850</native><natvform Sync="TRUE">Shapefile</natvform></idinfo>
	<dataqual>
		<logic>
The Total Petroleum System was defined on the basis of mapping the surface and subsurface geology of the source rock(s) from the literature and well data files, and by burial and thermal history modeling the source-rock stratigraphic intervals.  The province geologist was required to defend the geologic boundaries and geologic history of each Total Petroleum System in a formal petroleum system review meeting.
</logic>
		<complete>
The Total Petroleum System was mapped from published literature, interpretations of in-house geophysical well logs, thermal- and burial-history modeling, and on the data contained in the IHS Energy Group, WHCS data base for wells (2000 update), and the Nehring Significant Oil and Gas Field File (2000 update).
</complete>
		<posacc>
			<horizpa>
				<horizpar>The Total Petroleum System boundary represents the gross boundary of the combined geologic elements that comprise the Total Petroleum System.  The Total Petroleum System boundary was mapped on a 1:2,000,000-scale hard copy base map by the province geologist and the boundary line digitally transferred using Arcedit.   The Total Petroleum System boundary lines are not intended for use at a scale greater than 1:2,000,000.</horizpar>
			</horizpa>
		</posacc>
		<lineage>
			<srcinfo>
				<srccite>
					<citeinfo>
						<origin> Lawrence O. Anna</origin>
						<pubdate>2005</pubdate>
						<title>Petroleum Systems and Geologic Assessment of Oil and Gas in the Eastern Great Basin Province, Arizona, Idaho, Nevada and Utah</title>
						<serinfo>
							<sername>U.S. Geological Survey Digital Data Series</sername>
							<issue>DDS-69-L</issue>
						</serinfo>
						<pubinfo>
							<pubplace>Denver, Colorado</pubplace>
							<publish>U.S. Geological Survey</publish>
						</pubinfo>
						<othercit>na</othercit>
					</citeinfo>
				</srccite>
				<srcscale>2000000</srcscale>
				<typesrc>CD-ROM</typesrc>
				<srctime>
					<timeinfo>
						<sngdate>
							<caldate>2005</caldate>
						</sngdate>
					</timeinfo>
					<srccurr>publication date</srccurr>
				</srctime>
				<srccitea>USGS Eastern Great Basin Assessment Team (2005)</srccitea>
				<srccontr>Province 19 assessment, digital map data</srccontr>
			</srcinfo>
			<procstep>
				<procdesc>
The province geologist mapped the Total Petroleum System boundary on a hard copy base map at 1:2,000,000 provided by the project after plotting all available geologic and geophysical well data and information on the hard copy base map. Similarly, data contained in the IHS Energy Group, WHCS data base for wells (2000 update), and the Nehring Significant Oil and Gas Field File (2000 update) were plotted on the base map for reference.  Following review, the Total Petroleum System boundary was digitally transferred from the hard copy base map using Arcedit.
</procdesc>
				<procdate>Unknown</procdate>
			</procstep>
			<procstep>
				<procdesc>
The coverage was projected to Albers Equal Area Conic, the Eastern Great Basin was selected and placed into this unique coverage.  The data were then projected to Geographic, NAD 83, for consistency with data in other provinces.
</procdesc>
				<procdate>2005</procdate>
			</procstep><procstep><procdesc Sync="TRUE">Metadata imported.</procdesc><srcused Sync="TRUE">\\Netapp1\noga00\prov19\DDS69L\SPATIAL\doc\tps19g.xml</srcused><date Sync="TRUE">20070606</date><time Sync="TRUE">12385000</time></procstep><procstep><procdesc Sync="TRUE">Dataset copied.</procdesc><srcused Sync="TRUE">C:\merrill\Ruppert\CO2-sequestration\Basins-Assessment-Investigation\Basins-GIS\Post1995\EasternGreatBasin\tpsMerge5019</srcused><procdate Sync="TRUE">20090924</procdate><proctime Sync="TRUE">10371700</proctime></procstep></lineage>
	</dataqual>
	<spdoinfo>
		<direct>Vector</direct>
		<ptvctinf><esriterm><efeatyp Sync="TRUE">Simple</efeatyp><efeageom code="4" Sync="TRUE"></efeageom><esritopo Sync="TRUE">FALSE</esritopo><efeacnt Sync="TRUE">0</efeacnt><spindex Sync="TRUE">FALSE</spindex><linrefer Sync="TRUE">FALSE</linrefer></esriterm></ptvctinf></spdoinfo>
	<spref>
		<horizsys>
			<geograph>
				<latres>0.000001</latres>
				<longres>0.000001</longres>
				<geogunit>Decimal degrees</geogunit>
			</geograph>
			<geodetic>
				<horizdn>North American Datum of 1983</horizdn>
				<ellips>Geodetic Reference System 80</ellips>
				<semiaxis>6378137.0</semiaxis>
				<denflat>298.257222</denflat>
			</geodetic>
			<cordsysn><geogcsn Sync="TRUE">GCS_North_American_1983</geogcsn></cordsysn></horizsys>
	</spref>
	<eainfo>
		<detailed Name="merged_saus">
			<attr><attrlabl Sync="TRUE">FID</attrlabl><attalias Sync="TRUE">FID</attalias><attrtype Sync="TRUE">OID</attrtype><attwidth Sync="TRUE">4</attwidth><atprecis Sync="TRUE">0</atprecis><attscale Sync="TRUE">0</attscale><attrdef Sync="TRUE">Internal feature number.</attrdef><attrdefs Sync="TRUE">ESRI</attrdefs><attrdomv><udom Sync="TRUE">Sequential unique whole numbers that are automatically generated.</udom></attrdomv></attr><enttyp>
				<enttypl>tps"tpsnum"g.pat or tps"tpsnum"g.dbf</enttypl>
				<enttypd>Polygon Attribute Table.  For each Total Petroleum System (TPS), "tpsnum" is replaced with the TPS number in either a file, tps"tpsnum"g.pat, or a table, tps"tpsnum"g.dbf.  To keep the size of filenames less than 10 characters, "tpsnum" does not include the first 2 characters of the region/province number.</enttypd>
				<enttypds>U.S. Geological Survey</enttypds>
				<enttypt Sync="TRUE">Feature Class</enttypt><enttypc Sync="TRUE">0</enttypc></enttyp>
			<attr><attrlabl Sync="TRUE">Shape</attrlabl><attalias Sync="TRUE">Shape</attalias><attrtype Sync="TRUE">Geometry</attrtype><attwidth Sync="TRUE">0</attwidth><attrdef Sync="TRUE">Feature geometry.</attrdef><attrdefs Sync="TRUE">ESRI</attrdefs><attrdomv><udom Sync="TRUE">Coordinates defining the features.</udom></attrdomv><atprecis Sync="TRUE">0</atprecis><attscale Sync="TRUE">0</attscale></attr><attr><attrlabl Sync="TRUE">Id</attrlabl><attalias Sync="TRUE">Id</attalias><attrtype Sync="TRUE">Integer</attrtype><attwidth Sync="TRUE">6</attwidth><atprecis Sync="TRUE">6</atprecis><attscale Sync="TRUE">0</attscale></attr></detailed>
	</eainfo>
	<distinfo>
		<resdesc>Downloadable Data</resdesc>
		<stdorder><digform><digtinfo><transize Sync="TRUE">0.000</transize><dssize Sync="TRUE">0.000</dssize></digtinfo></digform></stdorder></distinfo>
	<distinfo>
		<distrib>
			<cntinfo>
				<cntorgp>
					<cntorg>USGS Information Services</cntorg>
				</cntorgp>
				<cntaddr>
					<addrtype>mailing address</addrtype>
					<address>Box 25286 Denver Federal Center</address>
					<city>Denver</city>
					<state>Colorado</state>
					<postal>80225</postal>
					<country>USA</country>
				</cntaddr>
				<cntvoice>1-888-ASK-USGS</cntvoice>
				<cntfax>303-202-4693</cntfax>
				<cntemail>ask@usgs.gov</cntemail></cntinfo>
		</distrib>
		<resdesc>USGS Digital Data Series DDS-69-L</resdesc>
		<distliab>This publication was prepared by an agency of the United States Government. Neither the United States Government nor any agency thereof, nor any of their employees, makes any warranty, expressed or implied, or assumes any legal liability or responsibility for the accuracy, completeness, or usefulness of any information, apparatus, product, or process disclosed in this report, or represents that its use would not infringe privately owned rights. Reference therein to any specific commercial product, process, or service by trade name, trademark, manufacturer, or otherwise does not necessarily constitute or imply its endorsement, recommendation, or favoring by the United States Government or any agency thereof.

Although all data and software published are used by the U.S. Geological Survey, no warranty, expressed or implied, is made by the U.S. Geological Survey as to the accuracy of the data and related materials and (or) the functioning of the software. The act of distribution shall not constitute any such warranty, and no responsibility is assumed by the U.S. Geological Survey in the use of these data, software, or related materials.</distliab>
		<stdorder>
			<digform>
				<digtinfo>
					<formname>Shapefile</formname>
					<formcont>Total Petroleum System geographic features and attribute data</formcont>
					<filedec>unzip</filedec>
					<transize Sync="TRUE">0.000</transize><dssize Sync="TRUE">0.000</dssize></digtinfo>
				<digtopt>
					<onlinopt>
						<computer>
							<networka>
								<networkr>http://certmapper.cr.usgs.gov/data/noga00/prov19/spatial/shape/tps1901g.zip</networkr>
							</networka>
						</computer>
						<accinstr>The URL's above link to individual Total Petroleum System Boundaries.  For example, tps1901g.zip links to Total Petroleum System 501901.</accinstr>
					</onlinopt>
				</digtopt>
			</digform>
			<digform>
				<digtinfo>
					<formname>ArcInfo Export File</formname>
					<formvern>8.3</formvern>
					<formcont>Total Petroleum System geographic features and attribute data</formcont>
					<transize Sync="TRUE">0.000</transize><dssize Sync="TRUE">0.000</dssize></digtinfo>
				<digtopt>
					<onlinopt>
						<computer>
							<networka>
								<networkr>http://certmapper.cr.usgs.gov/data/noga00/prov19/spatial/export/tps1901g.e00</networkr>
							</networka>
						</computer>
						<accinstr>The URL's above link to individual Total Petroleum System Boundaries.  For example, tps1901g.e00 links to Total Petroleum System 501901.</accinstr>
					</onlinopt>
				</digtopt>
			</digform>
			<digform>
				<digtinfo>
					<formname>Image Map Service (prov19_2000)</formname>
					<formvern>4.0</formvern>
					<formspec>ArcIMS Image Map Service</formspec>
					<formcont>A web-lased interactive mapping system that accesses an ArcIMS Map Service running on certmapper.cr.usgs.gov</formcont><transize Sync="TRUE">0.000</transize><dssize Sync="TRUE">0.000</dssize></digtinfo>
				<digtopt>
					<onlinopt>
						<computer>
							<networka>
								<networkr>http://certmapper.cr.usgs.gov/noga/servlet/NogaMapViewerBroker?province=19&amp;Vintage=2000</networkr>
							</networka>
						</computer>
						<accinstr>This URL links to a web-based interactive mapping system that accesses an ArcIMS Image Map Service.  The mapservice can also be accessed using any custom client that adheres to the protocol specified through ArcXML.</accinstr>
					</onlinopt>
				</digtopt>
			</digform>
			<fees>None</fees>
			<ordering>These products can be downloaded individually using any one of the Network_Resource_Name URLs above. Each of these URLs provide access to various formats of these data.</ordering>
		</stdorder>
	</distinfo>
	<metainfo>
		<metd>20050721</metd>
		<metrd>20050721</metrd>
		<metc>
			<cntinfo>
				<cntorgp>
					<cntorg>U.S. Geological Survey, Central Energy Resources Team, Data Management Project</cntorg>
					<cntper>Mark Roberts (contractor)</cntper>
				</cntorgp>
				<cntpos>GIS Specialist</cntpos>
				<cntaddr>
					<addrtype>mailing and physical address</addrtype>
					<address>U.S. Geological Survey, Box 25046, MS 939, Denver Federal Center</address>
					<city>Denver</city>
					<state>Colorado</state>
					<postal>80225</postal>
					<country>USA</country>
				</cntaddr>
				<cntemail>datamgt@usgs.gov</cntemail>
				<cntinst>For inquiries regarding this document, please include the metadata contact person's name, dataset name, and publication series and number.</cntinst><cntvoice>REQUIRED: The telephone number by which individuals can speak to the organization or individual.</cntvoice></cntinfo>
		</metc>
		<metstdn>FGDC Content Standards for Digital Geospatial Metadata</metstdn>
		<metstdv>FGDC-STD-001-1998</metstdv>
		<langmeta Sync="TRUE">en</langmeta><mettc Sync="TRUE">local time</mettc></metainfo><Esri><CreaDate>20140110</CreaDate><CreaTime>17394600</CreaTime><SyncOnce>FALSE</SyncOnce><PublishStatus>Published</PublishStatus><SyncDate>20120411</SyncDate><SyncTime>12390200</SyncTime><ModDate>20120411</ModDate><ModTime>12390200</ModTime><DataProperties><lineage><Process ToolSource="C:\ArcGIS\ArcToolbox\Toolboxes\Data Management Tools.tbx\Merge" Date="20090924" Time="100940">Merge tps1901g C:\merrill\Ruppert\CO2-sequestration\Basins-Assessment-Investigation\Basins-GIS\Post1995\EasternGreatBasin\tpsMerge5019.shp "REG_NUM 'REG_NUM' true true false 9 Long 0 9 ,First,#,tps1901g,REG_NUM,-1,-1;PROVCODE 'PROVCODE' true true false 9 Long 0 9 ,First,#,tps1901g,PROVCODE,-1,-1;PROV_NAME 'PROV_NAME' true true false 50 Text 0 0 ,First,#,tps1901g,PROV_NAME,-1,-1;TPSCODE 'TPSCODE' true true false 9 Long 0 9 ,First,#,tps1901g,TPSCODE,-1,-1;TPSNAME 'TPSNAME' true true false 50 Text 0 0 ,First,#,tps1901g,TPSNAME,-1,-1;ACRE 'ACRE' true true false 19 Double 0 0 ,First,#,tps1901g,ACRE,-1,-1;KM 'KM' true true false 19 Double 0 0 ,First,#,tps1901g,KM,-1,-1"</Process><Process ToolSource="c:\arcgis\desktop10.0\ArcToolbox\Toolboxes\Data Management Tools.tbx\FeatureToLine" Date="20120411" Time="121501">FeatureToLine tpsMerge5019-simp "C:\GIS - Steve\junk\Joana_tps_line.shp" # ATTRIBUTES</Process><Process ToolSource="c:\arcgis\desktop10.0\ArcToolbox\Toolboxes\Data Management Tools.tbx\Merge" Date="20120411" Time="121518">Merge Joana_tps_line;Joana_line "C:\GIS - Steve\junk\Joana_line2.shp" "FID_tpsMer "FID_tpsMer" true true false 9 Long 0 9 ,First,#,Joana_tps_line,FID_tpsMer,-1,-1;REG_NUM "REG_NUM" true true false 9 Long 0 9 ,First,#,Joana_tps_line,REG_NUM,-1,-1;PROVCODE "PROVCODE" true true false 9 Long 0 9 ,First,#,Joana_tps_line,PROVCODE,-1,-1;PROV_NAME "PROV_NAME" true true false 50 Text 0 0 ,First,#,Joana_tps_line,PROV_NAME,-1,-1;FID_C50190 "FID_C50190" true true false 9 Long 0 9 ,First,#,Joana_line,FID_C50190,-1,-1;Id "Id" true true false 6 Long 0 6 ,First,#,Joana_line,Id,-1,-1"</Process><Process ToolSource="c:\arcgis\desktop10.0\ArcToolbox\Toolboxes\Data Management Tools.tbx\FeatureToPolygon" Date="20120411" Time="121546">FeatureToPolygon Joana_line2 "C:\GIS - Steve\junk\Joana_line3.shp" # ATTRIBUTES #</Process><Process ToolSource="c:\arcgis\desktop10.0\ArcToolbox\Toolboxes\Data Management Tools.tbx\Dissolve" Date="20120411" Time="122250">Dissolve Joana_line3 "C:\GIS - Steve\CO2\sau_final_shapefiles_WEB_READY_PREP\Eastern Great Basin\C50190101_Joana_Limestone_non_quantitative_2.shp" # # MULTI_PART DISSOLVE_LINES</Process><Process ToolSource="c:\arcgis\desktop10.0\ArcToolbox\Toolboxes\Data Management Tools.tbx\Merge" Date="20120411" Time="123903">Merge C50190101_Joana_Limestone_non_quantitative_2;C50190102_Navajo_Sandstone_2 "C:\GIS - Steve\CO2\sau_final_shapefiles_WEB_READY_PREP\Eastern Great Basin\merged_saus.shp" "Id "Id" true true false 6 Long 0 6 ,First,#,C50190101_Joana_Limestone_non_quantitative_2,Id,-1,-1,C50190102_Navajo_Sandstone_2,Id,-1,-1"</Process></lineage><itemProps><itemName Sync="TRUE">merged_saus</itemName><imsContentType Sync="TRUE">002</imsContentType><itemSize Sync="TRUE">0.000</itemSize><itemLocation><linkage Sync="TRUE">file://\\IGSAAAHMWSG530\D$\CO2_Sequestration\SAUWriteUp\Eastern_Great_Basin\Metadata\Step1_Draft_Metadata\SAU_C5019\SAU_C50190102</linkage><protocol Sync="TRUE">Local Area Network</protocol></itemLocation></itemProps><coordRef><type Sync="TRUE">Geographic</type><geogcsn Sync="TRUE">GCS_North_American_1983</geogcsn><csUnits Sync="TRUE">Angular Unit: Degree (0.017453)</csUnits><peXml Sync="TRUE">&lt;GeographicCoordinateSystem xsi:type='typens:GeographicCoordinateSystem' xmlns:xsi='http://www.w3.org/2001/XMLSchema-instance' xmlns:xs='http://www.w3.org/2001/XMLSchema' xmlns:typens='http://www.esri.com/schemas/ArcGIS/10.0'&gt;&lt;WKT&gt;GEOGCS[&amp;quot;GCS_North_American_1983&amp;quot;,DATUM[&amp;quot;D_North_American_1983&amp;quot;,SPHEROID[&amp;quot;GRS_1980&amp;quot;,6378137.0,298.257222101]],PRIMEM[&amp;quot;Greenwich&amp;quot;,0.0],UNIT[&amp;quot;Degree&amp;quot;,0.0174532925199433],AUTHORITY[&amp;quot;EPSG&amp;quot;,4269]]&lt;/WKT&gt;&lt;XOrigin&gt;-399.99999999999989&lt;/XOrigin&gt;&lt;YOrigin&gt;-399.99999999999989&lt;/YOrigin&gt;&lt;XYScale&gt;11258999068426.24&lt;/XYScale&gt;&lt;ZOrigin&gt;-100000&lt;/ZOrigin&gt;&lt;ZScale&gt;10000&lt;/ZScale&gt;&lt;MOrigin&gt;-100000&lt;/MOrigin&gt;&lt;MScale&gt;10000&lt;/MScale&gt;&lt;XYTolerance&gt;8.9831528411952117e-009&lt;/XYTolerance&gt;&lt;ZTolerance&gt;0.001&lt;/ZTolerance&gt;&lt;MTolerance&gt;0.001&lt;/MTolerance&gt;&lt;HighPrecision&gt;true&lt;/HighPrecision&gt;&lt;LeftLongitude&gt;-180&lt;/LeftLongitude&gt;&lt;WKID&gt;4269&lt;/WKID&gt;&lt;/GeographicCoordinateSystem&gt;</peXml></coordRef><copyHistory><copy source="O:\USGS Natl Assmt\Basins\Eastern_Great_Basin\GIS_Data\sau_final\WEB_READY\SAU_C50190102" dest="\\IGSAAAHMWSG530\D$\CO2_Sequestration\SAUWriteUp\Eastern_Great_Basin\Metadata\Step1_Draft_Metadata\SAU_C5019\SAU_C50190102" date="20140110" time="17394600"></copy></copyHistory></DataProperties><ArcGISstyle>FGDC CSDGM Metadata</ArcGISstyle></Esri><dataIdInfo><envirDesc Sync="TRUE">Microsoft Windows 7 Version 6.1 (Build 7601) Service Pack 1; ESRI ArcGIS 10.0.3.3600</envirDesc><dataLang><languageCode Sync="TRUE" value="eng"></languageCode><countryCode value="USA" Sync="TRUE"></countryCode></dataLang><idCitation><resTitle Sync="TRUE">merged_saus</resTitle><presForm><PresFormCd Sync="TRUE" value="005"></PresFormCd></presForm></idCitation><spatRpType><SpatRepTypCd Sync="TRUE" value="001"></SpatRepTypCd></spatRpType><dataExt><geoEle><GeoBndBox esriExtentType="native"><westBL Sync="TRUE">-117.026222</westBL><eastBL Sync="TRUE">-111.15583</eastBL><northBL Sync="TRUE">43.022343</northBL><southBL Sync="TRUE">35.002083</southBL><exTypeCode Sync="TRUE">1</exTypeCode></GeoBndBox></geoEle></dataExt><geoBox esriExtentType="decdegrees"><westBL Sync="TRUE">-117.026222</westBL><eastBL Sync="TRUE">-111.15583</eastBL><northBL Sync="TRUE">43.022343</northBL><southBL Sync="TRUE">35.002083</southBL><exTypeCode Sync="TRUE">1</exTypeCode></geoBox></dataIdInfo><mdLang><languageCode Sync="TRUE" value="eng"></languageCode><countryCode value="USA" Sync="TRUE"></countryCode></mdLang><mdStanName Sync="TRUE">ISO 19115 Geographic Information - Metadata</mdStanName><mdStanVer Sync="TRUE">DIS_ESRI1.0</mdStanVer><mdChar><CharSetCd Sync="TRUE" value="006"></CharSetCd></mdChar><mdHrLv><ScopeCd Sync="TRUE" value="005"></ScopeCd></mdHrLv><mdHrLvName Sync="TRUE">dataset</mdHrLvName><distInfo><distributor><distorTran><onLineSrc><orDesc Sync="TRUE">002</orDesc><linkage Sync="TRUE">file://\\IGSAAAHMWSG492\C\merrill\Ruppert\CO2-sequestration\Basins-Assessment-Investigation\Basins-GIS\Post1995\EasternGreatBasin\tpsMerge5019Copy</linkage><protocol Sync="TRUE">Local Area Network</protocol></onLineSrc><transSize Sync="TRUE">0.000</transSize></distorTran><distorFormat><formatName Sync="TRUE">Shapefile</formatName></distorFormat></distributor><distFormat><formatName Sync="TRUE">Shapefile</formatName></distFormat><distTranOps><transSize Sync="TRUE">0.000</transSize></distTranOps></distInfo><refSysInfo><RefSystem><refSysID><identCode Sync="TRUE" value="4269">GCS_North_American_1983</identCode><idCodeSpace Sync="TRUE">EPSG</idCodeSpace><idVersion Sync="TRUE">7.4.1</idVersion></refSysID></RefSystem></refSysInfo><spatRepInfo><VectSpatRep><geometObjs Name="merged_saus"><geoObjTyp><GeoObjTypCd value="002" Sync="TRUE"></GeoObjTypCd></geoObjTyp><geoObjCnt Sync="TRUE">0</geoObjCnt></geometObjs><topLvl><TopoLevCd value="001" Sync="TRUE"></TopoLevCd></topLvl></VectSpatRep></spatRepInfo><mdDateSt Sync="TRUE">20120411</mdDateSt></metadata>
