<?xml version="1.0" encoding="UTF-8"?>
<metadata xml:lang="en"><Esri><CreaDate>20140109</CreaDate><CreaTime>15175800</CreaTime><SyncOnce>FALSE</SyncOnce><DataProperties><lineage><Process ToolSource="C:\Program Files\ArcGIS\Desktop10.0\ArcToolbox\Toolboxes\Data Management Tools.tbx\CreateFishnet" Date="20110807" Time="144600">CreateFishnet "C:\Documents and Settings\admin\Desktop\1sqmile_grid.shp" "-2164728.87920698 2714450.4116219" "-2164728.87920698 2714460.4116219" 1609.344 1609.344 0 0 "3859644.91184675 5983546.85675369" NO_LABELS States POLYGON</Process><Process ToolSource="C:\Program Files\ArcGIS\Desktop10.0\ArcToolbox\Toolboxes\Conversion Tools.tbx\FeatureClassToFeatureClass" Date="20110808" Time="121953">FeatureClassToFeatureClass D:\gosai\01_ASSESSMENT\BASE_GIS\REF_GRIDS\1sqmi_Grids\1sqmile_grid.shp D:\gosai\01_ASSESSMENT\BASE_GIS\REF_GRIDS\REF_GRIDS_NAD83.gdb LOWER_48_ONE_MILE # "Id "Id" true true false 6 Long 0 6 ,First,#,D:\gosai\01_ASSESSMENT\BASE_GIS\REF_GRIDS\1sqmi_Grids\1sqmile_grid.shp,Id,-1,-1;area "area" true true false 13 Float 0 0 ,First,#,D:\gosai\01_ASSESSMENT\BASE_GIS\REF_GRIDS\1sqmi_Grids\1sqmile_grid.shp,area,-1,-1" #</Process><Process ToolSource="C:\ArcGIS\Desktop10.0\ArcToolbox\Toolboxes\Data Management Tools.tbx\Project" Date="20111017" Time="144534">Project G:\CO2\Well_Density\REF_GRIDS_NAD83.gdb\LOWER_48_ONE_MILE_UTM14 G:\CO2\Well_Density\REF_GRIDS_NAD83.gdb\LOWER_48_ONE_MILE PROJCS['USA_Contiguous_Albers_Equal_Area_Conic_USGS_version',GEOGCS['GCS_North_American_1983',DATUM['D_North_American_1983',SPHEROID['GRS_1980',6378137.0,298.257222101]],PRIMEM['Greenwich',0.0],UNIT['Degree',0.0174532925199433]],PROJECTION['Albers'],PARAMETER['False_Easting',0.0],PARAMETER['False_Northing',0.0],PARAMETER['Central_Meridian',-96.0],PARAMETER['Standard_Parallel_1',29.5],PARAMETER['Standard_Parallel_2',45.5],PARAMETER['Latitude_Of_Origin',23.0],UNIT['Meter',1.0]] # PROJCS['NAD_1983_UTM_Zone_14N',GEOGCS['GCS_North_American_1983',DATUM['D_North_American_1983',SPHEROID['GRS_1980',6378137.0,298.257222101]],PRIMEM['Greenwich',0.0],UNIT['Degree',0.0174532925199433]],PROJECTION['Transverse_Mercator'],PARAMETER['False_Easting',500000.0],PARAMETER['False_Northing',0.0],PARAMETER['Central_Meridian',-99.0],PARAMETER['Scale_Factor',0.9996],PARAMETER['Latitude_Of_Origin',0.0],UNIT['Meter',1.0]]</Process><Process Name="Spatial Join" ToolSource="c:\ArcGIS\Desktop10.0\ArcToolbox\Toolboxes\Analysis Tools.tbx\SpatialJoin" Date="20130814" Time="144405">SpatialJoin LOWER_48_ONE_MILE_Layer D:\CO2_Sequestration\Well_Density\Tools\REF_GRIDS_NAD83.gdb\TEMP_A D:\CO2_Sequestration\Well_Density\Tools\REF_GRIDS_NAD83.gdb\LOWER_48_ONE_MILE_SpatialJo JOIN_ONE_TO_ONE KEEP_COMMON "Id "Id" true true false 4 Long 0 0 ,First,#,D:\CO2_Sequestration\Well_Density\Tools\REF_GRIDS_NAD83.gdb\LOWER_48_ONE_MILE,Id,-1,-1;area "area" true true false 4 Float 0 0 ,First,#,D:\CO2_Sequestration\Well_Density\Tools\REF_GRIDS_NAD83.gdb\LOWER_48_ONE_MILE,area,-1,-1;Shape_Length "Shape_Length" false true true 8 Double 0 0 ,First,#,D:\CO2_Sequestration\Well_Density\Tools\REF_GRIDS_NAD83.gdb\LOWER_48_ONE_MILE,Shape_Length,-1,-1;Shape_Area "Shape_Area" false true true 8 Double 0 0 ,First,#,D:\CO2_Sequestration\Well_Density\Tools\REF_GRIDS_NAD83.gdb\LOWER_48_ONE_MILE,Shape_Area,-1,-1;FID "FID" true false false 4 Long 0 0 ,First,#,D:\CO2_Sequestration\Well_Density\Tools\REF_GRIDS_NAD83.gdb\TEMP_A,FID,-1,-1;FREQUENCY "FREQUENCY" true false false 4 Long 0 0 ,First,#,D:\CO2_Sequestration\Well_Density\Tools\REF_GRIDS_NAD83.gdb\TEMP_A,FREQUENCY,-1,-1;LATITUDE "LATITUDE" true false false 8 Double 0 0 ,First,#,D:\CO2_Sequestration\Well_Density\Tools\REF_GRIDS_NAD83.gdb\TEMP_A,LATITUDE,-1,-1;LONGITUDE "LONGITUDE" true false false 8 Double 0 0 ,First,#,D:\CO2_Sequestration\Well_Density\Tools\REF_GRIDS_NAD83.gdb\TEMP_A,LONGITUDE,-1,-1;API10 "API10" true false false 254 Text 0 0 ,First,#,D:\CO2_Sequestration\Well_Density\Tools\REF_GRIDS_NAD83.gdb\TEMP_A,API10,-1,-1" CONTAINS # #</Process><Process Name="Add Field" ToolSource="c:\ArcGIS\Desktop10.0\ArcToolbox\Toolboxes\Data Management Tools.tbx\AddField" Date="20130814" Time="144405">AddField D:\CO2_Sequestration\Well_Density\Tools\REF_GRIDS_NAD83.gdb\LOWER_48_ONE_MILE_SpatialJo DENSITY LONG # # # # NULLABLE NON_REQUIRED #</Process><Process Name="Calculate Field" ToolSource="c:\ArcGIS\Desktop10.0\ArcToolbox\Toolboxes\Data Management Tools.tbx\CalculateField" Date="20130814" Time="144405">CalculateField D:\CO2_Sequestration\Well_Density\Tools\REF_GRIDS_NAD83.gdb\LOWER_48_ONE_MILE_SpatialJo DENSITY [Join_Count] VB #</Process><Process Name="Feature Class to Feature Class" ToolSource="c:\ArcGIS\Desktop10.0\ArcToolbox\Toolboxes\Conversion Tools.tbx\FeatureClassToFeatureClass" Date="20130814" Time="144406">FeatureClassToFeatureClass D:\CO2_Sequestration\Well_Density\Tools\REF_GRIDS_NAD83.gdb\LOWER_48_ONE_MILE_SpatialJo D:\CO2_Sequestration\Well_Density\Tools\output WELL_DENSITY.shp # "DENSITY "DENSITY" true true false 0 Long 0 0 ,First,#,D:\CO2_Sequestration\Well_Density\ArcGIS\Default.gdb\TEMP_SpatialJoin,DENSITY,-1,-1" #</Process><Process ToolSource="c:\ArcGIS\Desktop10.0\ArcToolbox\Toolboxes\Data Management Tools.tbx\CalculateField" Date="20130814" Time="154601">CalculateField Cell_C50200104 DENS !DENSITY! PYTHON_9.3 #</Process><Process ToolSource="c:\ArcGIS\Desktop10.0\ArcToolbox\Toolboxes\Data Management Tools.tbx\CalculateField" Date="20130814" Time="154626">CalculateField Cell_C50200104 DENSITY !DENS! PYTHON_9.3 #</Process><Process ToolSource="c:\ArcGIS\Desktop10.0\ArcToolbox\Toolboxes\Data Management Tools.tbx\CalculateField" Date="20130814" Time="154654">CalculateField Cell_C50200104 SAU_CODE 'C50200104' PYTHON_9.3 #</Process><Process ToolSource="c:\ArcGIS\Desktop10.0\ArcToolbox\Toolboxes\Data Management Tools.tbx\CalculateField" Date="20130814" Time="154709">CalculateField Cell_C50200104 REGION 'North America' PYTHON_9.3 #</Process><Process ToolSource="c:\ArcGIS\Desktop10.0\ArcToolbox\Toolboxes\Data Management Tools.tbx\CalculateField" Date="20130814" Time="154737">CalculateField Cell_C50200104 PROVINCE 'Uinta and Piceance Basins' PYTHON_9.3 #</Process><Process ToolSource="c:\ArcGIS\Desktop10.0\ArcToolbox\Toolboxes\Data Management Tools.tbx\CalculateField" Date="20130814" Time="154743">CalculateField Cell_C50200104 BASIN 'Uinta and Piceance Basins' PYTHON_9.3 #</Process><Process ToolSource="c:\ArcGIS\Desktop10.0\ArcToolbox\Toolboxes\Data Management Tools.tbx\CalculateField" Date="20130814" Time="154806">CalculateField Cell_C50200104 SAU_NAME 'Lower Cretaceous Composite Deep' PYTHON_9.3 #</Process><Process ToolSource="c:\ArcGIS\Desktop10.0\ArcToolbox\Toolboxes\Data Management Tools.tbx\CalculateField" Date="20130814" Time="154825">CalculateField Cell_C50200104 SYSTEM 'Cretaceous' PYTHON_9.3 #</Process></lineage><itemProps><itemName Sync="TRUE">WELL_DENSITY</itemName><imsContentType Sync="TRUE">002</imsContentType><itemLocation><linkage Sync="TRUE">file://\\IGSAAAHMWSG530\D$\CO2_Sequestration\SAUWriteUp\Uinta_Piceance_Basins\UPB_SAUWriteUp\Metadata\Step1_Draft_Metadata\Cell_5020\Cell_C50200104</linkage><protocol Sync="TRUE">Local Area Network</protocol></itemLocation><nativeExtBox><westBL Sync="TRUE">-2164728.879200</westBL><eastBL Sync="TRUE">3859045.712800</eastBL><southBL Sync="TRUE">2714450.411600</southBL><northBL Sync="TRUE">5983028.075600</northBL><exTypeCode Sync="TRUE">1</exTypeCode></nativeExtBox><itemSize Sync="TRUE">0.000</itemSize></itemProps><coordRef><type Sync="TRUE">Projected</type><geogcsn Sync="TRUE">GCS_North_American_1983</geogcsn><projcsn Sync="TRUE">USA_Contiguous_Albers_Equal_Area_Conic_USGS_version</projcsn><peXml Sync="TRUE">&lt;ProjectedCoordinateSystem xsi:type='typens:ProjectedCoordinateSystem' xmlns:xsi='http://www.w3.org/2001/XMLSchema-instance' xmlns:xs='http://www.w3.org/2001/XMLSchema' xmlns:typens='http://www.esri.com/schemas/ArcGIS/10.0'&gt;&lt;WKT&gt;PROJCS[&amp;quot;USA_Contiguous_Albers_Equal_Area_Conic_USGS_version&amp;quot;,GEOGCS[&amp;quot;GCS_North_American_1983&amp;quot;,DATUM[&amp;quot;D_North_American_1983&amp;quot;,SPHEROID[&amp;quot;GRS_1980&amp;quot;,6378137.0,298.257222101]],PRIMEM[&amp;quot;Greenwich&amp;quot;,0.0],UNIT[&amp;quot;Degree&amp;quot;,0.0174532925199433]],PROJECTION[&amp;quot;Albers&amp;quot;],PARAMETER[&amp;quot;False_Easting&amp;quot;,0.0],PARAMETER[&amp;quot;False_Northing&amp;quot;,0.0],PARAMETER[&amp;quot;central_meridian&amp;quot;,-96.0],PARAMETER[&amp;quot;Standard_Parallel_1&amp;quot;,29.5],PARAMETER[&amp;quot;Standard_Parallel_2&amp;quot;,45.5],PARAMETER[&amp;quot;latitude_of_origin&amp;quot;,23.0],UNIT[&amp;quot;Meter&amp;quot;,1.0],AUTHORITY[&amp;quot;ESRI&amp;quot;,102039]]&lt;/WKT&gt;&lt;XOrigin&gt;-16901100&lt;/XOrigin&gt;&lt;YOrigin&gt;-6972200&lt;/YOrigin&gt;&lt;XYScale&gt;266467840.99085236&lt;/XYScale&gt;&lt;ZOrigin&gt;-100000&lt;/ZOrigin&gt;&lt;ZScale&gt;10000&lt;/ZScale&gt;&lt;MOrigin&gt;-100000&lt;/MOrigin&gt;&lt;MScale&gt;10000&lt;/MScale&gt;&lt;XYTolerance&gt;0.001&lt;/XYTolerance&gt;&lt;ZTolerance&gt;0.001&lt;/ZTolerance&gt;&lt;MTolerance&gt;0.001&lt;/MTolerance&gt;&lt;HighPrecision&gt;true&lt;/HighPrecision&gt;&lt;WKID&gt;102039&lt;/WKID&gt;&lt;/ProjectedCoordinateSystem&gt;</peXml><csUnits Sync="TRUE">Linear Unit: Meter (1.000000)</csUnits></coordRef><copyHistory><copy source="D:\CO2_Sequestration\SAUWriteUp\Uinta_Piceance_Basins\drill_hole_density\WEB_READY\Cell_C50200104" dest="\\IGSAAAHMWSG530\D$\CO2_Sequestration\SAUWriteUp\Uinta_Piceance_Basins\UPB_SAUWriteUp\Metadata\Step1_Draft_Metadata\Cell_5020\Cell_C50200104" date="20140109" time="15175800"></copy></copyHistory></DataProperties><SyncDate>20130814</SyncDate><SyncTime>14440600</SyncTime><ModDate>20130814</ModDate><ModTime>14440600</ModTime></Esri><dataIdInfo><envirDesc Sync="TRUE">Microsoft Windows 7 Version 6.1 (Build 7601) Service Pack 1; ESRI ArcGIS 10.0.3.3600</envirDesc><dataLang><languageCode value="en" country="US"></languageCode><countryCode value="USA" Sync="TRUE"></countryCode></dataLang><idCitation><resTitle Sync="TRUE">WELL_DENSITY</resTitle><presForm><PresFormCd value="005"></PresFormCd></presForm></idCitation><descKeys><thesaName uuidref="723f6998-058e-11dc-8314-0800200c9a66"></thesaName><keyword Sync="TRUE">002</keyword></descKeys><spatRpType><SpatRepTypCd value="001"></SpatRepTypCd></spatRpType><dataExt><geoEle><GeoBndBox esriExtentType="search"><westBL Sync="TRUE">-135.133952</westBL><eastBL Sync="TRUE">-55.898000</eastBL><northBL Sync="TRUE">53.995564</northBL><southBL Sync="TRUE">21.314753</southBL><exTypeCode Sync="TRUE">1</exTypeCode></GeoBndBox></geoEle></dataExt></dataIdInfo><mdLang><languageCode value="en"></languageCode><countryCode value="USA" Sync="TRUE"></countryCode></mdLang><mdChar><CharSetCd value="004"></CharSetCd></mdChar><distInfo><distFormat><formatName Sync="TRUE">Shapefile</formatName></distFormat><distTranOps><transSize Sync="TRUE">0.000</transSize></distTranOps></distInfo><mdHrLv><ScopeCd value="005"></ScopeCd></mdHrLv><mdHrLvName Sync="TRUE">dataset</mdHrLvName><refSysInfo><RefSystem><refSysID><identCode code="26914"></identCode><idCodeSpace Sync="TRUE">ESRI</idCodeSpace><idVersion Sync="TRUE">10.0.0</idVersion></refSysID></RefSystem></refSysInfo><spdoinfo><ptvctinf><esriterm><efeatyp Sync="TRUE">Simple</efeatyp><efeageom code="4" Sync="TRUE"></efeageom><esritopo Sync="TRUE">FALSE</esritopo><efeacnt Sync="TRUE">0</efeacnt><spindex Sync="TRUE">FALSE</spindex><linrefer Sync="TRUE">FALSE</linrefer></esriterm></ptvctinf></spdoinfo><spatRepInfo><VectSpatRep><geometObjs Name="WELL_DENSITY"><geoObjTyp><GeoObjTypCd value="002" Sync="TRUE"></GeoObjTypCd></geoObjTyp><geoObjCnt Sync="TRUE">0</geoObjCnt></geometObjs><topLvl><TopoLevCd value="001" Sync="TRUE"></TopoLevCd></topLvl></VectSpatRep></spatRepInfo><eainfo><detailed Name="WELL_DENSITY"><enttyp><enttypl Sync="TRUE">WELL_DENSITY</enttypl><enttypt Sync="TRUE">Feature Class</enttypt><enttypc Sync="TRUE">0</enttypc></enttyp><attr><attrlabl Sync="TRUE">Shape</attrlabl><attalias Sync="TRUE">Shape</attalias><attrtype Sync="TRUE">Geometry</attrtype><attwidth Sync="TRUE">0</attwidth><atprecis Sync="TRUE">0</atprecis><attscale Sync="TRUE">0</attscale><attrdef Sync="TRUE">Feature geometry.</attrdef><attrdefs Sync="TRUE">ESRI</attrdefs><attrdomv><udom Sync="TRUE">Coordinates defining the features.</udom></attrdomv></attr><attr><attrlabl Sync="TRUE">FID</attrlabl><attalias Sync="TRUE">FID</attalias><attrtype Sync="TRUE">OID</attrtype><attwidth Sync="TRUE">4</attwidth><atprecis Sync="TRUE">0</atprecis><attscale Sync="TRUE">0</attscale><attrdef Sync="TRUE">Internal feature number.</attrdef><attrdefs Sync="TRUE">ESRI</attrdefs><attrdomv><udom Sync="TRUE">Sequential unique whole numbers that are automatically generated.</udom></attrdomv></attr><attr><attrlabl Sync="TRUE">DENSITY</attrlabl><attalias Sync="TRUE">DENSITY</attalias><attrtype Sync="TRUE">Integer</attrtype><attwidth Sync="TRUE">9</attwidth><atprecis Sync="TRUE">9</atprecis><attscale Sync="TRUE">0</attscale></attr></detailed></eainfo><mdDateSt Sync="TRUE">20130814</mdDateSt></metadata>
