<?xml version="1.0" encoding="UTF-8"?>
<metadata xml:lang="en"><Esri><CreaDate>20130521</CreaDate><CreaTime>16533300</CreaTime><ArcGISstyle>FGDC CSDGM Metadata</ArcGISstyle><SyncOnce>TRUE</SyncOnce><DataProperties><itemProps><itemLocation><linkage Sync="TRUE">file://\\igsaaaegpser002\Data\CO2 SEQUESTRATION\Geologists\Lohr\Metadata\GGRB\SAU_C5037\Step_5\SAU_C5037_metadata</linkage><protocol Sync="TRUE">Local Area Network</protocol></itemLocation></itemProps><copyHistory><copy source="O:\CO2 SEQUESTRATION\Geologists\Lohr\Metadata\GGRB\SAU_C5037\Step_4\SAU_C5037_metadata" dest="\\igsaaaegpser002\Data\CO2 SEQUESTRATION\Geologists\Lohr\Metadata\GGRB\SAU_C5037\Step_5\SAU_C5037_metadata" date="20130521" time="16533300"></copy></copyHistory></DataProperties></Esri><idinfo><citation><citeinfo><title>SAU_C5037xxxx.shp (Greater Green River Basin (C5037) Storage Assessment Units for CO2 Sequestration)</title><origin>United States Geological Survey (USGS)</origin><pubdate>2014</pubdate><geoform>vector digital data</geoform><serinfo><sername>Shapefile</sername><issue>SAU_C5037xxxx.shp</issue></serinfo><pubinfo><pubplace>Reston, Virginia</pubplace><publish>U.S. Geological Survey</publish></pubinfo><onlink>&lt;http://energy.usgs.gov/HealthEnvironment/EnergyProductionUse/GeologicCO2Sequestration.aspx&gt;</onlink><lworkcit><citeinfo><pubdate>2014</pubdate><title>Geologic Framework for the National Assessment of Carbon Dioxide Storage Resources-Greater Green River Basin, Wyoming, Colorado, and Utah, and Wyoming-Idaho-Utah Thrust Belt</title><onlink>&lt;http://dx.doi.org/10.3133/ofr20121024E&gt;</onlink><serinfo><sername>USGS Open-File Report</sername><issue>OFR-2012-1024-E</issue></serinfo><pubinfo><pubplace>Reston, Virginia</pubplace><publish>U.S. Geological Survey</publish></pubinfo><origin>Buursink, M.L.</origin><origin>Slucher, E.R.</origin><origin>Brennan, S.T.</origin><origin>Doolan, C.A.</origin><origin>Drake, R.M., II</origin><origin>Merrill, M.D.</origin><origin>Warwick, P.D.</origin><origin>Blondes, M.S.</origin><origin>Freeman, P.A.</origin><origin>Cahan, S.M.</origin><origin>DeVera, C.A.</origin><origin>Lohr, C.D.</origin></citeinfo></lworkcit></citeinfo></citation><descript><abstract>The storage assessment unit (SAU) is the fundamental unit used in the National Assessment of Geologic Carbon Dioxide Storage Resources project for the assessment of geologic CO2 storage resources. The SAU is shown here as a geographic boundary interpreted, defined, and mapped by the geologist responsible for the assessment interval. Individual storage SAUs are defined on the basis of common geologic and hydrologic characteristics. The resource that is assessed is the mass of CO2 that can be stored in the technically accessible pore volume of a storage formation. The technically accessible storage resource is one that may be available using present-day geological and engineering knowledge and technology for CO2 injection into geologic formations and therefore is not a total in-place resource estimate. The SAU boundary is defined geologically as the limits of the geologic elements that define the SAU, such as limits of reservoir rock, geologic structures, depth, and seal lithologies. The only exceptions to this are SAUs that border the international, or Federal-State water boundary. In these cases, the international or Federal-State water boundary forms part of the SAU boundary.</abstract><purpose>The purpose of these files is to define and illustrate the geographic extent and geologic boundaries of the storage assessment units within the sedimentary basin, as required for the  National Assessment of Geologic Carbon Dioxide Storage Resources project. In 2007, the Energy Independence and Security Act (Public Law 110-140; URL &lt;http://www.federalregister.gov/articles/2010/07/08/2010-16236/energy-independence-and-security-act-pub-l-110-140&gt;) authorized the USGS to conduct a national assessment of geologic storage resources for CO2. The storage assessment units were used as the fundamental units for the assessment of CO2 geologic storage resources.</purpose><supplinf>Carbon dioxide storage assessment units within province C5037 (Greater Green River Basin) are listed below in Stratum Keywords by storage assessment unit name. The storage assessment unit boundaries define the combined geologic limits of each storage assessment unit and are described and defined in the text of the basin description publication. See Buursink and others (2014) for a description of how individual assessments were drawn; also see Brennan and others (2010) for a description on the USGS CO2 storage assessment methodology. (Brennan, S.T., Burruss, R.C., Merrill, M.D., Freeman, P.A., and Ruppert L.F., 2010, A probabilistic assessment methodology for the evaluation of geologic carbon dioxide storage: U.S. Geological Survey Open-File Report 2010-1127, 31 p., available only at &lt;http://pubs.usgs.gov/of/2010/1127&gt;). Buursink, M.L, Slucher, E.R., Brennan, S.T., Doolan, C.A., Drake, R.M., II, Merrill, M.D., Warwick, P.D., Blondes, M.S., Freeman, P.A., Cahan, S.M., DeVera, C.A., and Lohr, C.D., 2014, Geologic Framework for the National Assessment of Carbon Dioxide Storage Resources-Greater Green River Basin, Wyoming, Colorado, and Utah, and Wyoming-Idaho-Utah Thrust Belt, chap. E of Warwick, P.D., and Corum, M.D., eds., Geologic framework for the national assessment of carbon dioxide storage resources: U.S. Geological Survey Open-File Report 2012-1024-E, 50 p., available only at URL &lt;http://dx.doi.org/10.3133/ofr20121024E&gt;.</supplinf></descript><timeperd><timeinfo><sngdate><caldate>2014</caldate></sngdate></timeinfo><current>publication date</current></timeperd><spdom><bounding><westbc>-110.8</westbc><eastbc>-106.6</eastbc><northbc>43.4</northbc><southbc>39.9</southbc></bounding></spdom><keywords><theme><themekt>Energy Resources Keyword Thesaurus</themekt><themekey> National Assessment of Geologic Carbon Dioxide Storage Resources</themekey><themekey>U.S. Geological Survey World Energy Region 5</themekey><themekey>CO2 Storage Resources</themekey><themekey>Carbon Dioxide</themekey><themekey>Resource Assessment</themekey><themekey>Earth Science</themekey><themekey>Natural Resources</themekey><themekey>U.S. Geological Survey</themekey><themekey>USGS</themekey><themekey>Geology</themekey><themekey>Storage Assessment Unit</themekey></theme><place><placekt>none</placekt><placekey>United States</placekey><placekey>U.S. Geological Survey World Energy Region 5</placekey><placekey>Greater Green River Basin</placekey><placekey>Wyoming</placekey><placekey>Colorado</placekey><placekey>Utah</placekey></place><place><placekt>Augmented FIPS 10-4 and FIPS 6-4, version 1.0</placekt><placekey>US56</placekey><placekey>US08</placekey><placekey>US49</placekey></place><place><placekt> National Assessment of Geologic Carbon Dioxide Storage Resources project</placekt><placekey>C503701 = Greater Green River Basin</placekey></place><theme><themekt>ISO 19115 Topic Category</themekt><themekey>Geoscientific Information</themekey></theme><stratum><stratkey>Paleozoic Composite</stratkey><stratkey>Paleozoic Composite Deep</stratkey><stratkey>Nugget Sandstone</stratkey><stratkey>Nugget Sandstone Deep</stratkey><stratkey>Muddy Sandstone and Cloverly Formation</stratkey><stratkey>Muddy Sandstone and Cloverly Formation Deep</stratkey><stratkey>Frontier Sandstone</stratkey><stratkey>Frontier Sandstone Deep</stratkey><stratkey>Hilliard, Baxter, and Mancos Shales</stratkey><stratkey>Hilliard, Baxter, and Mancos Shales Deep</stratkey><stratkey>Mesaverde Group</stratkey><stratkey>Mesaverde Group Deep</stratkey><stratkey>Dad Member</stratkey><stratkey>Dad Member Deep</stratkey><stratkt> National Assessment of Geologic Carbon Dioxide Storage Resources Storage Assessment Units</stratkt></stratum><temporal><tempkey>Ordovician</tempkey><tempkey>Devonian</tempkey><tempkey>Carboniferous</tempkey><tempkey>Pennsylvanian</tempkey><tempkey>Mississippian</tempkey><tempkey>Paleozoic</tempkey><tempkey>Triassic</tempkey><tempkey>Jurassic</tempkey><tempkey>Cretaceous</tempkey><tempkey>Tertiary</tempkey><tempkey>Paleocene</tempkey><tempkey>Eocene</tempkey></temporal></keywords><accconst>None</accconst><useconst>None. Users of this geospatial database and geologic information derived therefrom should acknowledge the U.S. Geological Survey as the source of the data. Although software enables a user to display images at various scales, map data in this report should not be used at scales greater than 1:24,000.</useconst><secinfo><secsys>None</secsys><secclass>Unclassified</secclass><sechandl>None</sechandl></secinfo><ptcontac><cntinfo><cntperp><cntper>Peter D. Warwick</cntper><cntorg>U.S. Geological Survey, Eastern Energy Resources Science Center</cntorg></cntperp><cntpos>Research Geologist</cntpos><cntaddr><addrtype>mailing and physical address</addrtype><address>U.S. Geological Survey, 956 National Center, 12201 Sunrise Valley Drive</address><city>Reston</city><state>Virginia</state><postal>20192</postal><country>U.S.A. </country></cntaddr><cntvoice>(703) 648-6469</cntvoice><cntfax>(703) 648-6419</cntfax><cntemail>pwarwick@usgs.gov</cntemail></cntinfo></ptcontac><native>Microsoft Windows Server 2008 R2 Version 6.1 (Build 7601) Service Pack 1; ESRI ArcGIS 10.0.2.3200</native><status><progress>Complete</progress><update>As needed</update></status></idinfo><dataqual><attracc><attraccr>The storage assessment unit coverage is based on geological expertise and is as accurate as possible. The nine-digit number identifies the USGS-specific storage assessment unit. The preceding letter "C" refers to a carbon dioxide storage assessment unit and distinguishes it from USGS National Oil and Gas Assessment Project assessment units that may have similar numbers. The first digit after "C" of the code indicates the world region number (5), the following three digits (037) are the North America province number, the following two digits (C5037xx) are the basin number, and the last two digits (C503701xx) are the storage assessment unit number of that particular basin. For more detailed description of how the storage assessment unit boundary was drawn, refer to the Greater Green River Basin, Wyoming, Colorado, and Utah section of the Open-File Report by Buursink and others (2014).</attraccr></attracc><lineage><srcinfo><srccite><citeinfo><origin>IHS Energy Group</origin><pubdate>20110120</pubdate><title>IHS Enerdeq U.S. well data</title><geoform>tabular digital data</geoform><pubinfo><pubplace>Englewood, Colorado, U.S.A.</pubplace><publish>IHS Energy Group</publish></pubinfo><onlink>&lt;http://www.ihs.com/products/oil-gas-information/data-access/enerdeq/browser.aspx&gt;</onlink></citeinfo></srccite><typesrc>online</typesrc><srctime><timeinfo><sngdate><caldate>20110120</caldate></sngdate></timeinfo><srccurr>publication date</srccurr></srctime><srccitea>Well data </srccitea><srccontr>Source of all well records used to determine the depth and extent of specific SAUs.</srccontr></srcinfo><srcinfo><srccite><citeinfo><origin>Nehring Associates, Inc.</origin><pubdate>2010</pubdate><title>The significant oil and gas fields of the United States</title><geoform>tabular digital data</geoform><pubinfo><pubplace>Colorado Springs, CO</pubplace><publish>Nehring Associates, Inc.</publish></pubinfo><onlink>&lt;http://www.nehringdatabase.com/&gt;</onlink></citeinfo></srccite><srctime><timeinfo><sngdate><caldate>2010</caldate></sngdate></timeinfo><srccurr>publication date</srccurr></srctime><srccitea>Reservoir data</srccitea><srccontr>Reservoir depths were used to help define the extent of the SAU boundary.</srccontr></srcinfo><procstep><procdesc>Wells that have penetrated formations of interest in the Greater Green River Basin were retrieved from IHS Energy Group, WHCS database for wells (downloaded Jan 20, 2011, from IHS ENERDEQ), and Nehring Associates, Inc., Significant Oil and Gas Field File (2008 update). The boundaries of the storage assessment units were determined by the Greater Green River Basin Assessment team and were drawn on the basis of geologic characteristics and conditions favorable for carbon dioxide storage, such as reservoir characteristics, depth, water quality, seal rocks, and trapping mechanisms, that combine to distinguish SAUs from each other.</procdesc><procdate>2011</procdate></procstep><procstep><procdesc>Projection of the SAU boundaries was changed from: Datum: North American Datum 1983 (NAD83) Albers Conical Equal Area Projection XY Units : US FEET Ellipsoid: Clarke 1866 Central Meridian : -96.0000000 Latitude of Origin : 23.0000000 False Northing : 0.0 False Easting : 0.0 Northern Reference Latitude : 45.5000000 Southern Reference Latitude : 29.5000000 to the current geographic system and North American Datum of 1983 using ArcGIS 9.3 project tool.</procdesc><procdate>2011</procdate></procstep><procstep><procdesc>The attributes were added from the storage assessment output data file for the Greater Green River Basin. This output file is available at the URL to the  National Assessment of Geologic Carbon Dioxide Storage Resources project Online Homepage (see Distribution Information). See: Buursink, M.L, Slucher, E.R., Brennan, S.T., Doolan, C.A., Drake, R.M., II, Merrill, M.D., Warwick, P.D., Blondes, M.S., Freeman, P.A., Cahan, S.M., DeVera, C.A., and Lohr, C.D., 2014, Geologic framework for the national assessment of carbon dioxide storage resources—Greater Green River Basin, Wyoming, Colorado, and Utah, and Wyoming-Idaho-Utah Thrust Belt, chap. E of Warwick, P.D., and Corum, M.D., eds., Geologic framework for the national assessment of carbon dioxide storage resources: U.S. Geological Survey Open-File Report 2012-1024-E, 50 p., available only at URL &lt;http://dx.doi.org/10.3133/ofr20121024E&gt;.</procdesc><procdate>2011</procdate><proccont><cntinfo><cntperp><cntper>Steven M. Cahan</cntper><cntorg>U.S. Geological Survey, Eastern Energy Resources Science Center</cntorg></cntperp><cntpos>GIS Analyst</cntpos><cntaddr><addrtype>mailing and physical address</addrtype><address>U.S. Geological Survey MS 956, 12201 Sunrise Valley Drive</address><city>Reston</city><state>Virginia</state><postal>20192</postal><country>U.S.A. </country></cntaddr><cntvoice>(703) 648-6435</cntvoice><cntfax>(703) 648-6419</cntfax><cntemail>scahan@usgs.gov</cntemail></cntinfo></proccont></procstep></lineage><logic>The storage assessment unit coverage was reviewed at multiple stages by the geologists and geographic information specialists. The storage assessment unit boundaries were checked for their geographic extent and compared to other storage assessment unit boundaries within their basin. Attribute tables and projections were also checked and are as accurate as possible.</logic><complete>The storage assessment unit was mapped in part on the data contained in the IHS Energy Group, WHCS database for wells (downloaded Jan 20, 2011, from IHS ENERDEQ), and the Nehring Associates, Inc., Significant Oil and Gas Field File (2008 update). The Nehring file has production through December 2008. There is a lag time between the data vintage and the publication date.</complete><posacc><horizpa><horizpar>The storage assessment unit boundary represents the gross boundary of the combined geologic elements that comprise the storage assessment unit. The boundaries of the storage assessment units were determined by the Greater Green River Basin Assessment Team, and were drawn on the basis of geologic characteristics and conditions favorable for carbon dioxide storage, such as reservoir characteristics, depth, water quality, seal rocks, and trapping mechanisms, that combine to distinguish SAUs from each other. In many cases the boundary was defined by consulting well data or existing paper copies of digital maps. Transformation of data from the data sources may have introduced errors in horizontal accuracy. The interval geologist was required to defend the geologic boundaries of each storage assessment unit in a formal geologic and storage assessment unit review meeting. The lateral position of the SAU boundary is generally considered to be accurate to plus or minus (+/-) 10 percent of the area defined by the SAU boundary. If the geologist is uncertain about the position of the boundary, a greater variation percentage may be used. The percentage of this uncertainty is recorded on the assessment input form that will be published with the SAU assessment results.</horizpar></horizpa></posacc></dataqual><spdoinfo><ptvctinf><sdtsterm><sdtstype>Complete chain</sdtstype><ptvctcnt>14</ptvctcnt></sdtsterm><sdtsterm><sdtstype>Entity point</sdtstype></sdtsterm><sdtsterm><sdtstype>GT-polygon composed of chains</sdtstype></sdtsterm></ptvctinf><direct>Vector</direct></spdoinfo><spref><horizsys><geograph><latres>0.000001</latres><longres>0.000001</longres><geogunit>Decimal degrees</geogunit></geograph><geodetic><horizdn>North American Datum of 1983</horizdn><ellips>Geodetic Reference System 80</ellips><semiaxis>6378137.0</semiaxis><denflat>298.257222</denflat></geodetic></horizsys></spref><eainfo><detailed><enttyp><enttypl>SAU_(SAU_CODE)</enttypl><enttypd>SAU features of the storage assessment unit code</enttypd><enttypds> National Assessment of Geologic Carbon Dioxide Storage Resources project</enttypds></enttyp><attr><attrlabl>FID</attrlabl><attrdef>Internal feature number</attrdef><attrdefs>ESRI</attrdefs><attrdomv><udom>Sequential unique whole numbers that are automatically generated.</udom></attrdomv></attr><attr><attrlabl>Shape</attrlabl><attrdef>Feature geometry</attrdef><attrdefs>ESRI</attrdefs><attrdomv><udom>Coordinates defining the features.</udom></attrdomv></attr><attr><attrlabl>SAU_CODE</attrlabl><attrdef>The nine-digit number identifies the U.S. Geological Survey-specific assessment unit. The preceding letter "C" refers to a carbon dioxide storage assessment unit and distinguishes it from USGS National Oil and Gas Assessment Project assessment units that may have similar numbers. The first digit after "C" of the code indicates the world region number (5), the following three digits (C5037) are the North America province number, the following two digits (C5037xx) are the basin number, and the last two digits (C503701xx) are the storage assessment unit number of that particular basin.</attrdef><attrdefs> National Assessment of Geologic Carbon Dioxide Storage Resources project</attrdefs><attrdomv><edom><edomv>C50370101</edomv><edomvd>Paleozoic Composite</edomvd><edomvds> National Assessment of Geologic Carbon Dioxide Storage Resources project</edomvds></edom></attrdomv><attrdomv><edom><edomv>C50370102 </edomv><edomvd>Paleozoic Composite Deep</edomvd><edomvds> National Assessment of Geologic Carbon Dioxide Storage Resources project</edomvds></edom></attrdomv><attrdomv><edom><edomv>C50370103</edomv><edomvd>Nugget Sandstone</edomvd><edomvds> National Assessment of Geologic Carbon Dioxide Storage Resources project</edomvds></edom></attrdomv><attrdomv><edom><edomv>C50370104</edomv><edomvd>Nugget Sandstone Deep</edomvd><edomvds> National Assessment of Geologic Carbon Dioxide Storage Resources project</edomvds></edom></attrdomv><attrdomv><edom><edomv>C50370105</edomv><edomvd>Muddy Sandstone and Cloverly Formation</edomvd><edomvds> National Assessment of Geologic Carbon Dioxide Storage Resources project</edomvds></edom></attrdomv><attrdomv><edom><edomv>C50370106</edomv><edomvd>Muddy Sandstone and Cloverly Formation Deep</edomvd><edomvds> National Assessment of Geologic Carbon Dioxide Storage Resources project</edomvds></edom></attrdomv><attrdomv><edom><edomv>C50370107</edomv><edomvd>Frontier Sandstone</edomvd><edomvds> National Assessment of Geologic Carbon Dioxide Storage Resources project</edomvds></edom></attrdomv><attrdomv><edom><edomv>C50370108</edomv><edomvd>Frontier Sandstone Deep</edomvd><edomvds> National Assessment of Geologic Carbon Dioxide Storage Resources project</edomvds></edom></attrdomv><attrdomv><edom><edomv>C50370109</edomv><edomvd>Hilliard, Baxter, and Mancos Shales</edomvd><edomvds> National Assessment of Geologic Carbon Dioxide Storage Resources project</edomvds></edom></attrdomv><attrdomv><edom><edomv>C50370110</edomv><edomvd>Hilliard, Baxter, and Mancos Shales Deep</edomvd><edomvds>National Assessment of Geologic Carbon Dioxide Storage Resources project</edomvds></edom></attrdomv><attrdomv><edom><edomv>C50370111</edomv><edomvd>Mesaverde Group</edomvd><edomvds>National Assessment of Geologic Carbon Dioxide Storage Resources project</edomvds></edom></attrdomv><attrdomv><edom><edomv>C50370112</edomv><edomvd>Mesaverde Group Deep</edomvd><edomvds>National Assessment of Geologic Carbon Dioxide Storage Resources project</edomvds></edom></attrdomv><attrdomv><edom><edomv>C50370113</edomv><edomvd>Dad Member</edomvd><edomvds>National Assessment of Geologic Carbon Dioxide Storage Resources project</edomvds></edom></attrdomv><attrdomv><edom><edomv>C50370114</edomv><edomvd>Dad Member Deep</edomvd><edomvds>National Assessment of Geologic Carbon Dioxide Storage Resources project</edomvds></edom></attrdomv></attr><attr><attrlabl>REGION</attrlabl><attrdef>U.S. Geological Survey World Region Name</attrdef><attrdefs>U.S. Geological Survey World Energy Project; &lt;http://energy.usgs.gov/OilGasAssessmentsData/WorldPetroleumAssessment.aspx&gt;; downloadable data</attrdefs><attrdomv><udom>Unabbreviated descriptive text</udom></attrdomv></attr><attr><attrlabl>PROVINCE</attrlabl><attrdef>U.S. Geological Survey World Energy Province</attrdef><attrdefs>U.S. Geological Survey World Energy Project; &lt;http://energy.usgs.gov/OilGasAssessmentsData/WorldPetroleumAssessment.aspx&gt;; downloadable data</attrdefs><attrdomv><udom>Unabbreviated descriptive text</udom></attrdomv></attr><attr><attrlabl>BASIN</attrlabl><attrdef>U.S. Geological Survey World Energy Basin</attrdef><attrdefs>U.S. Geological Survey World Energy Project; &lt;http://energy.usgs.gov/OilGasAssessmentsData/WorldPetroleumAssessment.aspx&gt;; downloadable data</attrdefs><attrdomv><udom>Unabbreviated descriptive text</udom></attrdomv></attr><attr><attrlabl>SAU_NAME</attrlabl><attrdef>Name of the storage assessment unit based on the storage formation name or interval</attrdef><attrdefs>National Assessment of Geologic Carbon Dioxide Storage Resources project</attrdefs><attrdomv><udom>Unabbreviated descriptive text</udom></attrdomv></attr><attr><attrlabl>SYSTEM</attrlabl><attrdef>Geologic age of the storage assessment unit</attrdef><attrdefs>Geologic literature</attrdefs><attrdomv><edom><edomv>Paleozoic</edomv><edomvd>Geologic system of the storage assessment unit based on geological literature as determined by the National Assessment of Geologic Carbon Dioxide Storage Resources project</edomvd><edomvds>U.S. Geological Survey Geologic Names Committee, 2010, Divisions of geologic time—Major chronostratigraphic and geochronological units: U.S. Geological Survey Fact Sheet 2010-3059, 2 p., available only at URL &lt;http://pubs.usgs.gov/fs/2010/3059/&gt;</edomvds></edom></attrdomv><attrdomv><edom><edomv>Triassic-Jurassic</edomv><edomvd>Geologic system of the storage assessment unit based on geological literature as determined by the National Assessment of Geologic Carbon Dioxide Storage Resources project</edomvd><edomvds>U.S. Geological Survey Geologic Names Committee, 2010, Divisions of geologic time—Major chronostratigraphic and geochronological units: U.S. Geological Survey Fact Sheet 2010-3059, 2 p., available only at URL &lt;http://pubs.usgs.gov/fs/2010/3059&gt;</edomvds></edom></attrdomv><attrdomv><edom><edomv>Cretaceous</edomv><edomvd>Geologic system of the storage assessment unit based on geological literature as determined by the National Assessment of Geologic Carbon Dioxide Storage Resources project</edomvd><edomvds>U.S. Geological Survey Geologic Names Committee, 2010, Divisions of geologic time—Major chronostratigraphic and geochronological units: U.S. Geological Survey Fact Sheet 2010-3059, 2 p., available only at URL &lt;http://pubs.usgs.gov/fs/2010/3059/&gt;</edomvds></edom></attrdomv></attr><attr><attrlabl>ACRES</attrlabl><attrdef>Area in acres of the storage assessment unit</attrdef><attrdefs>Calculated in ArcGIS</attrdefs><attrdomv><udom>Decimal number of the acreage</udom></attrdomv></attr></detailed></eainfo><distinfo><distrib><cntinfo><cntorgp><cntorg>USGS Information Services</cntorg></cntorgp><cntaddr><addrtype>mailing address</addrtype><address>Box 25286 Denver Federal Center</address><city>Denver </city><state>Colorado</state><postal>80225</postal><country>U.S.A.</country></cntaddr><cntvoice>1-888-ASK-USGS</cntvoice><cntfax>303-202-4693</cntfax><cntemail>ask@usgs.gov</cntemail><cntinst>The dataset is available at National Assessment of Geologic Carbon Dioxide Storage Resources project Online Homepage at &lt;http://energy.usgs.gov/HealthEnvironment/EnergyProductionUse/GeologicCO2Sequestration.aspx&gt;.</cntinst></cntinfo></distrib><resdesc>Downloadable data</resdesc><distliab>None. This database, identified as Open-File Report 2012-1024-E, has been approved for release and publication by the Director of the U.S. Geological Survey. Although the database has been subjected to rigorous review and is substantially complete, the USGS reserves the right to revise the data pursuant to further analysis and review. Furthermore, it is released on condition that neither the USGS nor the United States Government may be held liable for any damages resulting from its authorized or unauthorized use. Although these data have been processed successfully on a computer system at the USGS, no warranty expressed or implied is made regarding the display or utility of the data on any other system, or for general or scientific purposes, nor shall the act of distribution constitute any such warranty. The USGS shall not be held liable for improper or incorrect use of the data described and/or contained herein. Any use of trade, product, or firm names is for descriptive purposes only and does not imply endorsement by the U.S. Government. Although this information product, for the most part, is in the public domain, it may also contain copyrighted materials as noted in the text. Permission to reproduce copyrighted items for other than personal use must be secured by the copyright owner.</distliab><stdorder><digform><digtinfo><formname>Shapefile</formname><formcont>Storage assessment unit geographic features and attribute data</formcont><filedec>unzip</filedec><transize>281 KB</transize></digtinfo><digtopt><onlinopt><computer><networka><networkr>&lt;http://energy.usgs.gov/HealthEnvironment/EnergyProductionUse/GeologicCO2Sequestration.aspx&gt;</networkr></networka></computer><accinstr>URL above links to a compressed file containing one or more storage assessment unit boundaries</accinstr></onlinopt></digtopt></digform><fees>None</fees><ordering>These products can be downloaded individually using any one of the Network_Resource_Name URLs above. Each of these URLs provide access to various formats of these data.</ordering></stdorder></distinfo><metainfo><metc><cntinfo><cntperp><cntper>Steven M. Cahan</cntper><cntorg>U.S. Geological Survey, Eastern Energy Resources Science Center</cntorg></cntperp><cntpos>GIS Analyst</cntpos><cntaddr><addrtype>mailing and physical address</addrtype><address>U.S. Geological Survey, MS 956, 12201 Sunrise Valley Drive</address><city>Reston</city><state>Virginia</state><postal>20192</postal><country>U.S.A. </country></cntaddr><cntvoice>(703) 648-6435</cntvoice><cntfax>(703) 648-6419</cntfax><cntemail>scahan@usgs.gov</cntemail></cntinfo></metc><metd>20140123</metd><metstdn>FGDC Content Standards for Digital Geospatial Metadata</metstdn><metstdv>FGDC-STD-001-1998</metstdv><mettc>local time</mettc><metextns><onlink>&lt;http://www.esri.com/metadata/esriprof/80.html&gt;</onlink><metprof>ESRI Metadata Profile</metprof></metextns></metainfo></metadata>
