<?xml version="1.0" encoding="UTF-8"?>
<metadata xml:lang="en"><Esri><CreaDate>20120418</CreaDate><CreaTime>10482100</CreaTime><ArcGISFormat>1.0</ArcGISFormat><ArcGISstyle>FGDC CSDGM Metadata</ArcGISstyle><SyncOnce>FALSE</SyncOnce><DataProperties><itemProps><itemName Sync="TRUE">Paradox_Pz_SAU_04</itemName><imsContentType Sync="TRUE">002</imsContentType><itemSize Sync="TRUE">0.000</itemSize><itemLocation><linkage Sync="TRUE">file://\\igsaaaegpser002\Data\CO2 SEQUESTRATION\USGS Natl Assmt\Basins\Paradox_Basin\GIS_Data\sau_final\draft\Paradox_Pz_SAU_04</linkage><protocol Sync="TRUE">Local Area Network</protocol></itemLocation></itemProps><coordRef><type Sync="TRUE">Geographic</type><geogcsn Sync="TRUE">DD_NAD83</geogcsn><peXml Sync="TRUE">&lt;GeographicCoordinateSystem xsi:type='typens:GeographicCoordinateSystem' xmlns:xsi='http://www.w3.org/2001/XMLSchema-instance' xmlns:xs='http://www.w3.org/2001/XMLSchema' xmlns:typens='http://www.esri.com/schemas/ArcGIS/10.0'&gt;&lt;WKT&gt;GEOGCS[&amp;quot;DD_NAD83&amp;quot;,DATUM[&amp;quot;D_North_American_1983&amp;quot;,SPHEROID[&amp;quot;GRS_1980&amp;quot;,6378137.0,298.257222101]],PRIMEM[&amp;quot;Greenwich&amp;quot;,0.0],UNIT[&amp;quot;Degree&amp;quot;,0.0174532925199433]]&lt;/WKT&gt;&lt;XOrigin&gt;-399.99999999999989&lt;/XOrigin&gt;&lt;YOrigin&gt;-399.99999999999989&lt;/YOrigin&gt;&lt;XYScale&gt;11258999068426.24&lt;/XYScale&gt;&lt;ZOrigin&gt;-100000&lt;/ZOrigin&gt;&lt;ZScale&gt;10000&lt;/ZScale&gt;&lt;MOrigin&gt;-100000&lt;/MOrigin&gt;&lt;MScale&gt;10000&lt;/MScale&gt;&lt;XYTolerance&gt;8.9831528411952117e-009&lt;/XYTolerance&gt;&lt;ZTolerance&gt;0.001&lt;/ZTolerance&gt;&lt;MTolerance&gt;0.001&lt;/MTolerance&gt;&lt;HighPrecision&gt;true&lt;/HighPrecision&gt;&lt;LeftLongitude&gt;-180&lt;/LeftLongitude&gt;&lt;/GeographicCoordinateSystem&gt;</peXml></coordRef><lineage><Process ToolSource="C:\ArcGIS\Desktop10.0\ArcToolbox\Toolboxes\Data Management Tools.tbx\FeatureToPolygon" Date="20110928" Time="160040">FeatureToPolygon Paradox_Pz_SAU_01a "C:\GIS - Steve\CO2\data request work\Marc_Buursink\Paradox_Basin\Shapefiles\Paradox_Pz_SAU_01.shp" # ATTRIBUTES #</Process><Process ToolSource="C:\Program Files\ArcGIS\Desktop10.0\ArcToolbox\Toolboxes\Data Management Tools.tbx\FeatureToLine" Date="20111004" Time="131558">FeatureToLine Paradox_Pz_SAU_01 "O:\CO2 SEQUESTRATION\USGS Natl Assmt\Basins\Paradox_Basin\Data_Requests_PDX\Completed_Requests\SAUs\Paradox_Pz_SAU_01_line.shp" # ATTRIBUTES</Process><Process ToolSource="C:\Program Files\ArcGIS\Desktop10.0\ArcToolbox\Toolboxes\Data Management Tools.tbx\FeatureToPolygon" Date="20111004" Time="134426">FeatureToPolygon Paradox_Pz_SAU_01_line "O:\CO2 SEQUESTRATION\USGS Natl Assmt\Basins\Paradox_Basin\Data_Requests_PDX\Completed_Requests\SAUs\Paradox_Pz_SAU_02b.shp" # ATTRIBUTES #</Process><Process ToolSource="C:\Program Files\ArcGIS\Desktop10.0\ArcToolbox\Toolboxes\Data Management Tools.tbx\Dissolve" Date="20111004" Time="134611">Dissolve Paradox_Pz_SAU_02b "O:\CO2 SEQUESTRATION\USGS Natl Assmt\Basins\Paradox_Basin\Data_Requests_PDX\Completed_Requests\SAUs\Paradox_Pz_SAU_02.shp" # # MULTI_PART DISSOLVE_LINES</Process><Process ToolSource="C:\ArcGIS\Desktop10.0\ArcToolbox\Toolboxes\Data Management Tools.tbx\FeatureToLine" Date="20111005" Time="140009">FeatureToLine Paradox_Pz_SAU_02 "C:\GIS - Steve\CO2\data request work\Marc_Buursink\Paradox_Basin\Shapefiles\Paradox_Pz_SAU_03a.shp" # ATTRIBUTES</Process><Process ToolSource="C:\ArcGIS\Desktop10.0\ArcToolbox\Toolboxes\Data Management Tools.tbx\FeatureToPolygon" Date="20111005" Time="141526">FeatureToPolygon Paradox_Pz_SAU_03a "C:\GIS - Steve\CO2\data request work\Marc_Buursink\Paradox_Basin\Shapefiles\Paradox_Pz_SAU_03b.shp" # ATTRIBUTES #</Process><Process ToolSource="C:\ArcGIS\Desktop10.0\ArcToolbox\Toolboxes\Data Management Tools.tbx\FeatureToLine" Date="20111005" Time="170442">FeatureToLine Paradox_Pz_SAU_03 "C:\GIS - Steve\CO2\data request work\Marc_Buursink\Paradox_Basin\Shapefiles\Paradox_Pz_SAU_04a.shp" # ATTRIBUTES</Process><Process ToolSource="C:\ArcGIS\Desktop10.0\ArcToolbox\Toolboxes\Data Management Tools.tbx\FeatureToPolygon" Date="20111005" Time="171307">FeatureToPolygon Paradox_Pz_SAU_04a "C:\GIS - Steve\CO2\data request work\Marc_Buursink\Paradox_Basin\Shapefiles\Paradox_Pz_SAU_04b.shp" # ATTRIBUTES #</Process><Process ToolSource="C:\ArcGIS\Desktop10.0\ArcToolbox\Toolboxes\Data Management Tools.tbx\Dissolve" Date="20111005" Time="171456">Dissolve Paradox_Pz_SAU_04b "C:\GIS - Steve\CO2\data request work\Marc_Buursink\Paradox_Basin\Shapefiles\Paradox_Pz_SAU_04.shp" # # MULTI_PART DISSOLVE_LINES</Process></lineage><copyHistory><copy source="O:\USGS Natl Assmt\Basins\Paradox_Basin\Data_Requests_PDX\Completed_Requests\SAUs\Paradox_Pz_SAU_04" dest="\\igsaaaegpser002\Data\CO2 SEQUESTRATION\USGS Natl Assmt\Basins\Paradox_Basin\GIS_Data\sau_final\draft\Paradox_Pz_SAU_04" date="20111011" time="09043700"></copy></copyHistory></DataProperties><SyncDate>20111005</SyncDate><SyncTime>17145500</SyncTime><ModDate>20111005</ModDate><ModTime>17145500</ModTime></Esri><dataIdInfo><envirDesc Sync="TRUE">Microsoft Windows Server 2008 R2 Version 6.1 (Build 7601) Service Pack 1; ESRI ArcGIS 10.0.2.3200</envirDesc><dataLang><languageCode value="eng" country="USA"></languageCode></dataLang><idCitation><resTitle Sync="TRUE">Paradox_Pz_SAU_04</resTitle><presForm><PresFormCd value="005"></PresFormCd></presForm></idCitation><descKeys><thesaName uuidref="723f6998-058e-11dc-8314-0800200c9a66"></thesaName><keyword Sync="TRUE">002</keyword></descKeys><spatRpType><SpatRepTypCd value="001"></SpatRepTypCd></spatRpType></dataIdInfo><mdLang><languageCode value="eng"></languageCode></mdLang><mdChar><CharSetCd value="004"></CharSetCd></mdChar><distInfo><distFormat><formatName Sync="TRUE">Shapefile</formatName></distFormat><distTranOps><transSize Sync="TRUE">0.000</transSize></distTranOps></distInfo><mdHrLv><ScopeCd value="005"></ScopeCd></mdHrLv><mdHrLvName Sync="TRUE">dataset</mdHrLvName><refSysInfo><RefSystem><refSysID><identCode code="0"></identCode></refSysID></RefSystem></refSysInfo><spdoinfo><ptvctinf><esriterm Name="Paradox_Pz_SAU_04"><efeatyp Sync="TRUE">Simple</efeatyp><efeageom Sync="TRUE">4</efeageom><esritopo Sync="TRUE">FALSE</esritopo><efeacnt Sync="TRUE">0</efeacnt><spindex Sync="TRUE">FALSE</spindex><linrefer Sync="TRUE">FALSE</linrefer></esriterm></ptvctinf></spdoinfo><spatRepInfo><VectSpatRep><topLvl><TopoLevCd value="001"></TopoLevCd></topLvl><geometObjs><geoObjTyp><GeoObjTypCd value="002"></GeoObjTypCd><geoObjCnt Sync="TRUE">0</geoObjCnt></geoObjTyp></geometObjs></VectSpatRep></spatRepInfo><eainfo><detailed Name="Paradox_Pz_SAU_04"><enttyp><enttypl Sync="TRUE">Paradox_Pz_SAU_04</enttypl><enttypt Sync="TRUE">Feature Class</enttypt><enttypc Sync="TRUE">0</enttypc></enttyp><attr><attrlabl Sync="TRUE">FID</attrlabl><attalias Sync="TRUE">FID</attalias><attrtype Sync="TRUE">OID</attrtype><attwidth Sync="TRUE">4</attwidth><atprecis Sync="TRUE">0</atprecis><attscale Sync="TRUE">0</attscale><attrdef Sync="TRUE">Internal feature number.</attrdef><attrdefs Sync="TRUE">ESRI</attrdefs><attrdomv><udom Sync="TRUE">Sequential unique whole numbers that are automatically generated.</udom></attrdomv></attr><attr><attrlabl Sync="TRUE">Shape</attrlabl><attalias Sync="TRUE">Shape</attalias><attrtype Sync="TRUE">Geometry</attrtype><attwidth Sync="TRUE">0</attwidth><atprecis Sync="TRUE">0</atprecis><attscale Sync="TRUE">0</attscale><attrdef Sync="TRUE">Feature geometry.</attrdef><attrdefs Sync="TRUE">ESRI</attrdefs><attrdomv><udom Sync="TRUE">Coordinates defining the features.</udom></attrdomv></attr><attr><attrlabl Sync="TRUE">Id</attrlabl><attalias Sync="TRUE">Id</attalias><attrtype Sync="TRUE">Integer</attrtype><attwidth Sync="TRUE">6</attwidth><atprecis Sync="TRUE">6</atprecis><attscale Sync="TRUE">0</attscale></attr></detailed></eainfo><mdDateSt Sync="TRUE">20111005</mdDateSt></metadata>
