<?xml version="1.0"?>
<!--<!DOCTYPE metadata SYSTEM "http://www.esri.com/metadata/esriprof80.dtd">-->
<metadata xml:lang="en"><Esri><CreaDate>20131218</CreaDate><CreaTime>16472500</CreaTime><SyncOnce>FALSE</SyncOnce><DataProperties><lineage><Process ToolSource="C:\Program Files\DataEast\XToolsPro 6.2.1\Toolbox\XTools Pro.tbx\XToolsPro_Multipart2Singlepart" Date="20110203" Time="155636">XToolsPro_Multipart2Singlepart Paleozoic_Composite_6 "C:\GIS - Steve\CO2\data request work\Marc_Buursink\Wyoming Overthrust Province\Shapefiles\Paleozoic_Composite_7.shp" #</Process><Process ToolSource="C:\ArcGIS\ArcToolbox\Toolboxes\Data Management Tools.tbx\Merge" Date="20110203" Time="155704">Merge Paleozoic_Composite_7;ID_2_3 "C:\GIS - Steve\CO2\data request work\Marc_Buursink\Wyoming Overthrust Province\Shapefiles\Paleozoic_Composite_8.shp" "Id 'Id' true true false 6 Long 0 6 ,First,#,Paleozoic_Composite_7,Id,-1,-1,ID_2_3,Id,-1,-1"</Process><Process ToolSource="C:\ArcGIS\ArcToolbox\Toolboxes\Data Management Tools.tbx\FeatureToLine" Date="20110208" Time="150815">FeatureToLine Paleozoic_Composite_3 "W:\CO2 SEQUESTRATION\USGS Natl Assmt\Basins\Wyoming_Thrust_Belt_Province\GIS_Data\Paleozoic_Composite_3_line.shp" # ATTRIBUTES</Process><Process ToolSource="C:\ArcGIS\ArcToolbox\Toolboxes\Data Management Tools.tbx\FeatureToPolygon" Date="20110208" Time="153019">FeatureToPolygon Paleozoic_Composite_3_line "W:\CO2 SEQUESTRATION\USGS Natl Assmt\Basins\Wyoming_Thrust_Belt_Province\GIS_Data\Paleozoic_Composite_3_line_2.shp" # ATTRIBUTES #</Process><Process ToolSource="C:\ArcGIS\ArcToolbox\Toolboxes\Data Management Tools.tbx\Dissolve" Date="20110208" Time="154202">Dissolve Paleozoic_Composite_3_line_2 "W:\CO2 SEQUESTRATION\USGS Natl Assmt\Basins\Wyoming_Thrust_Belt_Province\GIS_Data\Paleozoic_Composite_3_line_3.shp" # # MULTI_PART DISSOLVE_LINES</Process><Process ToolSource="C:\ArcGIS\ArcToolbox\Toolboxes\Analysis Tools.tbx\Clip" Date="20110208" Time="154319">Clip Paleozoic_Composite_3_line_3 C5036_tps "W:\CO2 SEQUESTRATION\USGS Natl Assmt\Basins\Wyoming_Thrust_Belt_Province\GIS_Data\Paleozoic_Composite_3_line_4.shp" #</Process><Process ToolSource="C:\ArcGIS\ArcToolbox\Toolboxes\Data Management Tools.tbx\Merge" Date="20110208" Time="154540">Merge Paleozoic_Composite_3_line_4;Export_Output "W:\CO2 SEQUESTRATION\USGS Natl Assmt\Basins\Wyoming_Thrust_Belt_Province\GIS_Data\Paleozoic_Composite_3_line_5.shp" "Id 'Id' true true false 6 Long 0 6 ,First,#,Paleozoic_Composite_3_line_4,Id,-1,-1,Export_Output,Id,-1,-1"</Process><Process ToolSource="C:\ArcGIS\ArcToolbox\Toolboxes\Data Management Tools.tbx\FeatureToLine" Date="20110208" Time="173951">FeatureToLine Paleozoic_Composite_3 "W:\CO2 SEQUESTRATION\USGS Natl Assmt\Basins\Wyoming_Thrust_Belt_Province\GIS_Data\Paleozoic_Composite_3_line.shp" # ATTRIBUTES</Process><Process ToolSource="C:\ArcGIS\ArcToolbox\Toolboxes\Data Management Tools.tbx\Merge" Date="20110208" Time="174023">Merge Paleozoic_Composite_3_line;Paleozoic_Composite_3_edits "W:\CO2 SEQUESTRATION\USGS Natl Assmt\Basins\Wyoming_Thrust_Belt_Province\GIS_Data\Paleozoic_Composite_4_line.shp" "FID_Paleoz 'FID_Paleoz' true true false 9 Long 0 9 ,First,#,Paleozoic_Composite_3_line,FID_Paleoz,-1,-1;Id 'Id' true true false 6 Long 0 6 ,First,#,Paleozoic_Composite_3_line,Id,-1,-1,Paleozoic_Composite_3_edits,Id,-1,-1;Acres 'Acres' true true false 19 Double 0 0 ,First,#,Paleozoic_Composite_3_line,Acres,-1,-1"</Process><Process ToolSource="C:\ArcGIS\ArcToolbox\Toolboxes\Data Management Tools.tbx\FeatureToPolygon" Date="20110208" Time="174051">FeatureToPolygon Paleozoic_Composite_4_line "W:\CO2 SEQUESTRATION\USGS Natl Assmt\Basins\Wyoming_Thrust_Belt_Province\GIS_Data\Paleozoic_Composite_4_polygon.shp" # ATTRIBUTES #</Process><Process ToolSource="C:\ArcGIS\ArcToolbox\Toolboxes\Data Management Tools.tbx\Dissolve" Date="20110208" Time="180411">Dissolve Paleozoic_Composite_4 "W:\CO2 SEQUESTRATION\USGS Natl Assmt\Basins\Wyoming_Thrust_Belt_Province\GIS_Data\Paleozoic_Composite4.shp" # # MULTI_PART DISSOLVE_LINES</Process><Process ToolSource="C:\ArcGIS\ArcToolbox\Toolboxes\Data Management Tools.tbx\FeatureToLine" Date="20110208" Time="184603">FeatureToLine Paleozoic_Composite4 "W:\CO2 SEQUESTRATION\USGS Natl Assmt\Basins\Wyoming_Thrust_Belt_Province\GIS_Data\Paleozoic_Composite4_line.shp" # ATTRIBUTES</Process><Process ToolSource="C:\ArcGIS\ArcToolbox\Toolboxes\Data Management Tools.tbx\FeatureToPolygon" Date="20110208" Time="184746">FeatureToPolygon Paleozoic_Composite4_line "W:\CO2 SEQUESTRATION\USGS Natl Assmt\Basins\Wyoming_Thrust_Belt_Province\GIS_Data\Paleozoic_Composite_5.shp" # ATTRIBUTES #</Process><Process ToolSource="C:\ArcGIS\ArcToolbox\Toolboxes\Data Management Tools.tbx\Dissolve" Date="20110208" Time="184938">Dissolve Paleozoic_Composite_5 "W:\CO2 SEQUESTRATION\USGS Natl Assmt\Basins\Wyoming_Thrust_Belt_Province\GIS_Data\Paleozoic_Composite5.shp" # # MULTI_PART DISSOLVE_LINES</Process><Process ToolSource="C:\ArcGIS\Desktop10.0\ArcToolbox\Toolboxes\Data Management Tools.tbx\Project" Date="20110824" Time="171756">Project "O:\USGS Natl Assmt\Basins\Wyoming_Thrust_Belt_Province\GIS_Data\sau_final\C50360101_Paleozoic_Composite.shp" "O:\USGS Natl Assmt\Basins\Wyoming_Thrust_Belt_Province\GIS_Data\sau_final\C50360101_Paleozoic_Composite_1.shp" PROJCS['USA_Contiguous_Albers_Equal_Area_Conic_USGS_version',GEOGCS['GCS_North_American_1983',DATUM['D_North_American_1983',SPHEROID['GRS_1980',6378137.0,298.257222101]],PRIMEM['Greenwich',0.0],UNIT['Degree',0.0174532925199433]],PROJECTION['Albers'],PARAMETER['False_Easting',0.0],PARAMETER['False_Northing',0.0],PARAMETER['Central_Meridian',-96.0],PARAMETER['Standard_Parallel_1',29.5],PARAMETER['Standard_Parallel_2',45.5],PARAMETER['Latitude_Of_Origin',23.0],UNIT['Meter',1.0]] # GEOGCS['GCS_North_American_1983',DATUM['D_North_American_1983',SPHEROID['GRS_1980',6378137.0,298.257222101]],PRIMEM['Greenwich',0.0],UNIT['Degree',0.0174532925199433]]</Process><Process ToolSource="c:\arcgis\desktop10.0\ArcToolbox\Toolboxes\Data Management Tools.tbx\Project" Date="20111128" Time="114953">Project "O:\USGS Natl Assmt\Basins\Wyoming_Thrust_Belt_Province\GIS_Data\sau_final\C50360101_Paleozoic_Composite.shp" "C:\GIS - Steve\CO2\sau_final_shapefiles_WEB_READY_PREP\Wyoming Thrust Belt Province\C50360101_Paleozoic_Composite.shp" GEOGCS['GCS_North_American_1983',DATUM['D_North_American_1983',SPHEROID['GRS_1980',6378137.0,298.257222101]],PRIMEM['Greenwich',0.0],UNIT['Degree',0.0174532925199433]] # PROJCS['USA_Contiguous_Albers_Equal_Area_Conic_USGS_version',GEOGCS['GCS_North_American_1983',DATUM['D_North_American_1983',SPHEROID['GRS_1980',6378137.0,298.257222101]],PRIMEM['Greenwich',0.0],UNIT['Degree',0.0174532925199433]],PROJECTION['Albers'],PARAMETER['False_Easting',0.0],PARAMETER['False_Northing',0.0],PARAMETER['Central_Meridian',-96.0],PARAMETER['Standard_Parallel_1',29.5],PARAMETER['Standard_Parallel_2',45.5],PARAMETER['Latitude_Of_Origin',23.0],UNIT['Meter',1.0]]</Process><Process ToolSource="c:\arcgis\desktop10.0\ArcToolbox\Toolboxes\Analysis Tools.tbx\Clip" Date="20111128" Time="120322">Clip C50360101_Paleozoic_Composite tpsMerge5036-simp "C:\GIS - Steve\CO2\sau_final_shapefiles_WEB_READY_PREP\Wyoming Thrust Belt Province\C50360101_Paleozoic_Composite_2.shp" #</Process><Process ToolSource="c:\arcgis\desktop10.0\ArcToolbox\Toolboxes\Data Management Tools.tbx\Merge" Date="20111129" Time="092329">Merge C50360101_Paleozoic_Composite_2;C50360102_Paleozoic_Composite_Deep_2;C50360103_Nugget_Sandstone_2;C50360104_Nugget_Sandstone_Deep_2;C50360105_Bear_River_Formation_3;C50360106_Bear_River_Formation_Deep_3;C50360107_Frontier_Sandstone_3;C50360108_Frontier_Sandstone_Deep_3 "C:\GIS - Steve\CO2\sau_final_shapefiles_WEB_READY_PREP\Wyoming Thrust Belt Province\merged_saus.shp" "Id "Id" true true false 6 Long 0 6 ,First,#,C50360101_Paleozoic_Composite_2,Id,-1,-1,C50360102_Paleozoic_Composite_Deep_2,Id,-1,-1,C50360103_Nugget_Sandstone_2,Id,-1,-1,C50360104_Nugget_Sandstone_Deep_2,Id,-1,-1,C50360105_Bear_River_Formation_3,Id,-1,-1,C50360106_Bear_River_Formation_Deep_3,Id,-1,-1,C50360107_Frontier_Sandstone_3,Id,-1,-1,C50360108_Frontier_Sandstone_Deep_3,Id,-1,-1;Acres "Acres" true true false 19 Double 0 0 ,First,#,C50360101_Paleozoic_Composite_2,Acres,-1,-1,C50360102_Paleozoic_Composite_Deep_2,Acres,-1,-1,C50360103_Nugget_Sandstone_2,Acres,-1,-1,C50360104_Nugget_Sandstone_Deep_2,Acres,-1,-1"</Process><Process ToolSource="C:\ArcGIS\Desktop10.0\ArcToolbox\Toolboxes\Data Management Tools.tbx\CalculateField" Date="20111129" Time="093030">CalculateField merged_saus REGION "North America" VB #</Process><Process ToolSource="C:\ArcGIS\Desktop10.0\ArcToolbox\Toolboxes\Data Management Tools.tbx\CalculateField" Date="20111129" Time="093110">CalculateField merged_saus PROVINCE "Wyoming Thrust Belt Province" VB #</Process><Process ToolSource="C:\ArcGIS\Desktop10.0\ArcToolbox\Toolboxes\Data Management Tools.tbx\CalculateField" Date="20111129" Time="093143">CalculateField merged_saus BASIN [PROVINCE] VB #</Process></lineage><itemProps><itemLocation><linkage Sync="TRUE">file://\\IGSAAAHMWSG530\D$\CO2_Sequestration\SAUWriteUp\Wyoming_Thrust_Belt\Metadata\Step6_Final_Metadata\SAU_C5036\SAU_C50360103</linkage><protocol Sync="TRUE">Local Area Network</protocol></itemLocation><itemName Sync="TRUE">merged_saus</itemName><imsContentType Sync="TRUE">002</imsContentType><itemSize Sync="TRUE">0.000</itemSize></itemProps><copyHistory><copy source="O:\USGS Natl Assmt\Basins\Wyoming_Thrust_Belt_Province\GIS_Data\sau_final\WEB_READY\SAU_C50360103" dest="\\IGSAAAHMWSG530\D$\CO2_Sequestration\SAUWriteUp\Wyoming_Thrust_Belt\Metadata\Step6_Final_Metadata\SAU_C5036\SAU_C50360103" date="20131218" time="16472500"></copy></copyHistory><coordRef><type Sync="TRUE">Geographic</type><geogcsn Sync="TRUE">GCS_North_American_1983</geogcsn><csUnits Sync="TRUE">Angular Unit: Degree (0.017453)</csUnits><peXml Sync="TRUE">&lt;GeographicCoordinateSystem xsi:type='typens:GeographicCoordinateSystem' xmlns:xsi='http://www.w3.org/2001/XMLSchema-instance' xmlns:xs='http://www.w3.org/2001/XMLSchema' xmlns:typens='http://www.esri.com/schemas/ArcGIS/10.0'&gt;&lt;WKT&gt;GEOGCS[&amp;quot;GCS_North_American_1983&amp;quot;,DATUM[&amp;quot;D_North_American_1983&amp;quot;,SPHEROID[&amp;quot;GRS_1980&amp;quot;,6378137.0,298.257222101]],PRIMEM[&amp;quot;Greenwich&amp;quot;,0.0],UNIT[&amp;quot;Degree&amp;quot;,0.0174532925199433],AUTHORITY[&amp;quot;EPSG&amp;quot;,4269]]&lt;/WKT&gt;&lt;XOrigin&gt;-399.99999999999989&lt;/XOrigin&gt;&lt;YOrigin&gt;-399.99999999999989&lt;/YOrigin&gt;&lt;XYScale&gt;11258999068426.24&lt;/XYScale&gt;&lt;ZOrigin&gt;-100000&lt;/ZOrigin&gt;&lt;ZScale&gt;10000&lt;/ZScale&gt;&lt;MOrigin&gt;-100000&lt;/MOrigin&gt;&lt;MScale&gt;10000&lt;/MScale&gt;&lt;XYTolerance&gt;8.9831528411952117e-009&lt;/XYTolerance&gt;&lt;ZTolerance&gt;0.001&lt;/ZTolerance&gt;&lt;MTolerance&gt;0.001&lt;/MTolerance&gt;&lt;HighPrecision&gt;true&lt;/HighPrecision&gt;&lt;LeftLongitude&gt;-180&lt;/LeftLongitude&gt;&lt;WKID&gt;4269&lt;/WKID&gt;&lt;/GeographicCoordinateSystem&gt;</peXml></coordRef></DataProperties><SyncDate>20111129</SyncDate><SyncTime>09232800</SyncTime><ModDate>20111129</ModDate><ModTime>09232800</ModTime><ArcGISstyle>FGDC CSDGM Metadata</ArcGISstyle></Esri><idinfo><native Sync="TRUE">Microsoft Windows XP Version 5.1 (Build 2600) Service Pack 3; ESRI ArcCatalog 9.3.1.4000</native><descript><langdata Sync="TRUE">en</langdata><abstract>REQUIRED: A brief narrative summary of the data set.</abstract><purpose>REQUIRED: A summary of the intentions with which the data set was developed.</purpose></descript><citation><citeinfo><origin>REQUIRED: The name of an organization or individual that developed the data set.</origin><pubdate>REQUIRED: The date when the data set is published or otherwise made available for release.</pubdate><title Sync="TRUE">Paleozoic_Composite5</title><ftname Sync="TRUE">Paleozoic_Composite5</ftname><geoform Sync="TRUE">vector digital data</geoform><onlink Sync="TRUE">\\igsaaaegpser001\Data\CO2 SEQUESTRATION\USGS Natl Assmt\Basins\Wyoming_Thrust_Belt_Province\GIS_Data\PaleozoicComposite_SAU\Paleozoic_Composite_5Copy</onlink></citeinfo></citation><timeperd><current>REQUIRED: The basis on which the time period of content information is determined.</current><timeinfo><sngdate><caldate>REQUIRED: The year (and optionally month, or month and day) for which the data set corresponds to the ground.</caldate></sngdate></timeinfo></timeperd><status><progress>REQUIRED: The state of the data set.</progress><update>REQUIRED: The frequency with which changes and additions are made to the data set after the initial data set is completed.</update></status><spdom><bounding><westbc Sync="TRUE">REQUIRED: Western-most coordinate of the limit of coverage expressed in longitude.</westbc><eastbc Sync="TRUE">REQUIRED: Eastern-most coordinate of the limit of coverage expressed in longitude.</eastbc><northbc Sync="TRUE">REQUIRED: Northern-most coordinate of the limit of coverage expressed in latitude.</northbc><southbc Sync="TRUE">REQUIRED: Southern-most coordinate of the limit of coverage expressed in latitude.</southbc></bounding></spdom><keywords><theme><themekt>REQUIRED: Reference to a formally registered thesaurus or a similar authoritative source of theme keywords.</themekt><themekey>REQUIRED: Common-use word or phrase used to describe the subject of the data set.</themekey></theme></keywords><accconst>REQUIRED: Restrictions and legal prerequisites for accessing the data set.</accconst><useconst>REQUIRED: Restrictions and legal prerequisites for using the data set after access is granted.</useconst><natvform Sync="TRUE">Shapefile</natvform></idinfo><dataIdInfo><envirDesc Sync="TRUE">Microsoft Windows 7 Version 6.1 (Build 7601) Service Pack 1; ESRI ArcGIS 10.0.3.3600</envirDesc><dataLang><languageCode Sync="TRUE" value="eng"></languageCode><countryCode value="USA" Sync="TRUE"></countryCode></dataLang><idCitation><resTitle Sync="TRUE">merged_saus</resTitle><presForm><PresFormCd Sync="TRUE" value="005"></PresFormCd></presForm></idCitation><spatRpType><SpatRepTypCd Sync="TRUE" value="001"></SpatRepTypCd></spatRpType></dataIdInfo><metainfo><langmeta Sync="TRUE">en</langmeta><metstdn Sync="TRUE">FGDC Content Standards for Digital Geospatial Metadata</metstdn><metstdv Sync="TRUE">FGDC-STD-001-1998</metstdv><mettc Sync="TRUE">local time</mettc><metc><cntinfo><cntorgp><cntper>REQUIRED: The person responsible for the metadata information.</cntper><cntorg>REQUIRED: The organization responsible for the metadata information.</cntorg></cntorgp><cntaddr><addrtype>REQUIRED: The mailing and/or physical address for the organization or individual.</addrtype><city>REQUIRED: The city of the address.</city><state>REQUIRED: The state or province of the address.</state><postal>REQUIRED: The ZIP or other postal code of the address.</postal></cntaddr><cntvoice>REQUIRED: The telephone number by which individuals can speak to the organization or individual.</cntvoice></cntinfo></metc><metd Sync="TRUE">20110208</metd></metainfo><mdLang><languageCode Sync="TRUE" value="eng"></languageCode><countryCode value="USA" Sync="TRUE"></countryCode></mdLang><mdStanName Sync="TRUE">ISO 19115 Geographic Information - Metadata</mdStanName><mdStanVer Sync="TRUE">DIS_ESRI1.0</mdStanVer><mdChar><CharSetCd Sync="TRUE" value="004"></CharSetCd></mdChar><mdHrLv><ScopeCd Sync="TRUE" value="005"></ScopeCd></mdHrLv><mdHrLvName Sync="TRUE">dataset</mdHrLvName><distinfo><resdesc Sync="TRUE">Downloadable Data</resdesc><stdorder><digform><digtinfo><transize Sync="TRUE">0.000</transize><dssize Sync="TRUE">0.000</dssize></digtinfo></digform></stdorder></distinfo><distInfo><distributor><distorTran><onLineSrc><orDesc Sync="TRUE">002</orDesc><linkage Sync="TRUE">file://\\igsaaaegpser001\Data\CO2 SEQUESTRATION\USGS Natl Assmt\Basins\Wyoming_Thrust_Belt_Province\GIS_Data\PaleozoicComposite_SAU\Paleozoic_Composite_5Copy</linkage><protocol Sync="TRUE">Local Area Network</protocol></onLineSrc><transSize Sync="TRUE">0.000</transSize></distorTran><distorFormat><formatName Sync="TRUE">Shapefile</formatName></distorFormat></distributor><distFormat><formatName Sync="TRUE">Shapefile</formatName></distFormat><distTranOps><transSize Sync="TRUE">0.000</transSize></distTranOps></distInfo><spdoinfo><direct Sync="TRUE">Vector</direct><ptvctinf><esriterm><efeatyp Sync="TRUE">Simple</efeatyp><efeageom code="4" Sync="TRUE"></efeageom><esritopo Sync="TRUE">FALSE</esritopo><efeacnt Sync="TRUE">0</efeacnt><spindex Sync="TRUE">FALSE</spindex><linrefer Sync="TRUE">FALSE</linrefer></esriterm></ptvctinf></spdoinfo><spref><horizsys><cordsysn><geogcsn Sync="TRUE">GCS_North_American_1983</geogcsn></cordsysn><geograph><geogunit Sync="TRUE">Decimal degrees</geogunit><latres Sync="TRUE">0.000000</latres><longres Sync="TRUE">0.000000</longres></geograph><geodetic><horizdn Sync="TRUE">North American Datum of 1983</horizdn><ellips Sync="TRUE">Geodetic Reference System 80</ellips><semiaxis Sync="TRUE">6378137.000000</semiaxis><denflat Sync="TRUE">298.257222</denflat></geodetic></horizsys></spref><refSysInfo><RefSystem><refSysID><identCode Sync="TRUE" value="4269">GCS_North_American_1983</identCode><idCodeSpace Sync="TRUE">EPSG</idCodeSpace><idVersion Sync="TRUE">7.4.1</idVersion></refSysID></RefSystem></refSysInfo><spatRepInfo><VectSpatRep><geometObjs Name="merged_saus"><geoObjTyp><GeoObjTypCd value="002" Sync="TRUE"></GeoObjTypCd></geoObjTyp><geoObjCnt Sync="TRUE">0</geoObjCnt></geometObjs><topLvl><TopoLevCd value="001" Sync="TRUE"></TopoLevCd></topLvl></VectSpatRep></spatRepInfo><eainfo><detailed Name="merged_saus"><enttyp><enttypl Sync="TRUE">merged_saus</enttypl><enttypt Sync="TRUE">Feature Class</enttypt><enttypc Sync="TRUE">0</enttypc></enttyp><attr><attrlabl Sync="TRUE">FID</attrlabl><attalias Sync="TRUE">FID</attalias><attrtype Sync="TRUE">OID</attrtype><attwidth Sync="TRUE">4</attwidth><atprecis Sync="TRUE">0</atprecis><attscale Sync="TRUE">0</attscale><attrdef Sync="TRUE">Internal feature number.</attrdef><attrdefs Sync="TRUE">ESRI</attrdefs><attrdomv><udom Sync="TRUE">Sequential unique whole numbers that are automatically generated.</udom></attrdomv></attr><attr><attrlabl Sync="TRUE">Shape</attrlabl><attalias Sync="TRUE">Shape</attalias><attrtype Sync="TRUE">Geometry</attrtype><attwidth Sync="TRUE">0</attwidth><atprecis Sync="TRUE">0</atprecis><attscale Sync="TRUE">0</attscale><attrdef Sync="TRUE">Feature geometry.</attrdef><attrdefs Sync="TRUE">ESRI</attrdefs><attrdomv><udom Sync="TRUE">Coordinates defining the features.</udom></attrdomv></attr><attr><attrlabl Sync="TRUE">Id</attrlabl><attalias Sync="TRUE">Id</attalias><attrtype Sync="TRUE">Integer</attrtype><attwidth Sync="TRUE">6</attwidth><atprecis Sync="TRUE">6</atprecis><attscale Sync="TRUE">0</attscale></attr><attr><attrlabl Sync="TRUE">Acres</attrlabl><attalias Sync="TRUE">Acres</attalias><attrtype Sync="TRUE">Double</attrtype><attwidth Sync="TRUE">19</attwidth><atprecis Sync="TRUE">0</atprecis><attscale Sync="TRUE">0</attscale></attr></detailed></eainfo><mdDateSt Sync="TRUE">20111129</mdDateSt><dataqual><lineage><procstep><procdesc Sync="TRUE">Dataset copied.</procdesc><srcused Sync="TRUE">Z:\USGS Natl Assmt\Basins\Wyoming_Thrust_Belt_Province\GIS_Data\Paleozoic_Composite_2</srcused><procdate Sync="TRUE">20110208</procdate><proctime Sync="TRUE">14361800</proctime></procstep><procstep><procdesc Sync="TRUE">Dataset moved.</procdesc><srcused Sync="TRUE">Z:\USGS Natl Assmt\Basins\Wyoming_Thrust_Belt_Province\GIS_Data\Paleozoic_Composite_5</srcused><procdate Sync="TRUE">20110217</procdate><proctime Sync="TRUE">11165900</proctime></procstep><procstep><procdesc Sync="TRUE">Dataset copied.</procdesc><srcused Sync="TRUE">Z:\USGS Natl Assmt\Basins\Wyoming_Thrust_Belt_Province\GIS_Data\PaleozoicComposite_SAU\Paleozoic_Composite_5</srcused><procdate Sync="TRUE">20110217</procdate><proctime Sync="TRUE">11182700</proctime></procstep></lineage></dataqual></metadata>
