<?xml version="1.0" encoding="UTF-8"?>
<metadata xml:lang="en"><Esri><CreaDate>20120426</CreaDate><CreaTime>14521700</CreaTime><ArcGISFormat>1.0</ArcGISFormat><ArcGISstyle>FGDC CSDGM Metadata</ArcGISstyle><SyncOnce>TRUE</SyncOnce><DataProperties><itemProps><itemLocation><linkage Sync="TRUE">file://\\IGSAAAHMWSG093\C\Documents and Settings\kgooley\My Documents\CO2metadata\Wyoming Thrust Belt\Cell_C5036\Cell_C5058_metadata</linkage><protocol Sync="TRUE">Local Area Network</protocol></itemLocation></itemProps><copyHistory><copy source="C:\Documents and Settings\kgooley\My Documents\CO2metadata\Anadarko\Cell_C5058\Cell_C5058_metadata" dest="\\IGSAAAHMWSG093\C\Documents and Settings\kgooley\My Documents\CO2metadata\Wyoming Thrust Belt\Cell_C5036\Cell_C5058_metadata" date="20120426" time="14521700"></copy></copyHistory></DataProperties></Esri><idinfo><citation><citeinfo><origin>United States Geological Survey (USGS)</origin><pubdate>2014</pubdate><title>Cell_C5036xxxx.shp (Wyoming-Idaho-Utah Thrust Belt (C5036) Well Density for CO2 Storage Assessment Units)</title><geoform>vector digital data</geoform><serinfo><sername>Shapefile</sername><issue>Cell_C5036xxxx.shp</issue></serinfo><pubinfo><pubplace>Reston, Virginia</pubplace><publish>U.S. Geological Survey</publish></pubinfo><onlink>&lt;http://energy.usgs.gov/HealthEnvironment/EnergyProductionUse/GeologicCO2Sequestration.aspx&gt;</onlink><lworkcit><citeinfo><pubdate>2014</pubdate><title>Geologic Framework for the National Assessment of Carbon Dioxide Storage Resources—Greater Green River Basin, Wyoming, Colorado, and Utah, and Wyoming-Idaho-Utah Thrust Belt</title><serinfo><sername>USGS Open-File Report</sername><issue>OFR-2012-1024-E</issue></serinfo><pubinfo><pubplace>Reston, VA</pubplace><publish>U.S. Geological Survey</publish></pubinfo><onlink>&lt;http://dx.doi.org/10.3133/ofr20121024e&gt;</onlink><origin>Buursink, M.L.</origin><origin>Slucher, E.R.</origin><origin>Brennan, S.T.</origin><origin>Doolan, C.A.</origin><origin>Drake, R.M., II</origin><origin>Merrill, M.D.</origin><origin>Warwick, P.D.</origin><origin>Blondes, M.S.</origin><origin>Freeman, P.A.</origin><origin>Cahan, S.M.</origin><origin>DeVera, C.A.</origin><origin>Lohr, C.D.</origin></citeinfo></lworkcit></citeinfo></citation><descript><abstract>Drilling-density cell maps show the number of wells that have been drilled into the storage assessment unit (SAU). Each 1-square-mile cell has a count for the number of unique well boreholes drilled into the SAU. For a given sedimentary basin, the National Assessment of Geologic Carbon Dioxide Storage Resources project identifies SAUs containing the potential for storage and sequestration of carbon dioxide. Proprietary well header data from IHS ENERDEQ through 2010 were queried to determine which wells were drilled into specific SAUs. The coordinates of wells are proprietary and cannot be released; however, counts of the number of wells per square mile are presented in the well drilling density data layer.</abstract><purpose>The purpose of the drilling-density cell map is to identify the amount of drilling that has occurred through 2010. The well density is the number of unique well boreholes drilled per square-mile cell into the SAU as reported to or collected by IHS, Inc. Drilling-density cell maps are generated for each SAU as part of the National Assessment of Geologic Carbon Dioxide Storage Resources project. In 2007, the Energy Independence and Security Act (Public Law 110-140; see: &lt;http://www.federalregister.gov/articles/2010/07/08/2010-16236/energy-independence-and-security-act-pub-l-110-140&gt;) authorized the USGS to conduct a national assessment of geologic storage resources for CO2.</purpose><supplinf>Drilling-density cell maps for specific SAUs within the Wyoming-Idaho-Utah Thrust Belt are listed below in Stratum Keywords by storage assessment unit name. The following is a description of the online linkage URL: &lt;http://dx.doi.org/10.3133/ofr20121024e&gt; GIS data download page for Wyoming-Idaho-Utah Thrust Belt CO2 Storage Assessment data (C5036). Also see the following report: Buursink, M.L., Slucher, E.R., Brennan, S.T., Doolan, C.A., Drake, R.M., II, Merrill, M.D., Warwick, P.D., Blondes, M.S., Freeman, P.A., Cahan, S.M., DeVera, C.A., Lohr, C.D., 2014, Geologic framework for the national assessment of carbon dioxide storage resources—Greater Green River Basin, Wyoming, Colorado, and Utah, and Wyoming-Idaho-Utah Thrust Belt, chap. E of Warwick, P.D., and Corum, M.D., eds., Geologic framework for the national assessment of carbon dioxide storage resources: U.S. Geological Survey Open-File Report 2012-1024-E, 50 p., available only at URL &lt;http://dx.doi.org/10.3133/ofr20121024e&gt;.</supplinf></descript><keywords><theme><themekt>Energy Resources Keyword Thesaurus</themekt><themekey>National Assessment of Geologic Carbon Dioxide Storage Resources</themekey><themekey>U.S. Geological Survey World Energy Region 5</themekey><themekey>CO2 Storage Resources</themekey><themekey>Carbon Dioxide</themekey><themekey>Resource Assessment</themekey><themekey>Earth Science</themekey><themekey>Natural Resources</themekey><themekey>U.S. Geological Survey</themekey><themekey>USGS</themekey><themekey>Cell Map</themekey><themekey>Drilling Density</themekey><themekey>Well Density</themekey></theme><place><placekt>none</placekt><placekey>United States</placekey><placekey>Wyoming-Idaho-Utah Thrust Belt</placekey><placekey>Wyoming</placekey><placekey>Idaho</placekey><placekey>Utah</placekey><placekey>U.S. Geological Survey World Energy Region 5</placekey></place><place><placekt>Augmented FIPS 10-4 and FIPS 6-4, version 1.0</placekt><placekey>US46</placekey><placekey>US16</placekey><placekey>US49</placekey></place><theme><themekt>ISO 19115 Topic Category</themekt><themekey>Geoscientific Information</themekey></theme><place><placekt>National Assessment of Geologic Carbon Dioxide Storage Resources project</placekt><placekey>C503601 = Wyoming-Idaho-Utah Thrust Belt</placekey></place><stratum><stratkt>National Assessment of Geologic Carbon Dioxide Storage Resources Storage Assessment Units</stratkt><stratkey>Paleozoic Composite</stratkey><stratkey>Paleozoic Composite Deep</stratkey><stratkey>Nugget Sandstone</stratkey><stratkey>Nugget Sandstone Deep</stratkey><stratkey>Bear River Formation</stratkey><stratkey>Bear River Formation Deep</stratkey><stratkey>Frontier Sandstone</stratkey><stratkey>Frontier Sandstone Deep</stratkey></stratum><temporal><tempkt>none</tempkt><tempkey>Paleozoic</tempkey><tempkey>Triassic</tempkey><tempkey>Jurassic</tempkey><tempkey>Cretaceous</tempkey></temporal></keywords><timeperd><timeinfo><sngdate><caldate>2014</caldate></sngdate></timeinfo><current>publication date</current></timeperd><status><progress>Complete</progress><update>As needed</update></status><spdom><bounding><westbc>-112.3</westbc><eastbc>-110.3</eastbc><northbc>43.9</northbc><southbc>40.6</southbc></bounding></spdom><accconst>None</accconst><useconst>None. Users of this geospatial database and geologic information derived therefrom should acknowledge the U.S. Geological Survey as the source of the data. Although software enables a user to display images at various scales, map data in this report should not be used at scales greater than 1:24,000.</useconst><ptcontac><cntinfo><cntperp><cntper>Peter D. Warwick</cntper><cntorg>U.S. Geological Survey, Eastern Energy Resources Science Center</cntorg></cntperp><cntpos>Research Geologist</cntpos><cntaddr><addrtype>mailing and physical address</addrtype><address>U.S. Geological Survey, 956 National Center, 12201 Sunrise Valley Drive</address><city>Reston</city><state>Virginia</state><postal>20192</postal><country>U.S.A. </country></cntaddr><cntvoice>(703) 648-6469</cntvoice><cntfax>(703) 648-6419</cntfax><cntemail>pwarwick@usgs.gov</cntemail></cntinfo></ptcontac><native>Microsoft Windows Server 2008 R2 Version 6.1 (Build 7601) Service Pack 1; ESRI ArcGIS 10.0</native><secinfo><secsys>None</secsys><secclass>Unclassified</secclass><sechandl>None</sechandl></secinfo></idinfo><dataqual><attracc><attraccr>For the storage assessment unit, the nine-digit code identifies the USGS-specific storage assessment unit. The preceding letter "C" refers to a carbon dioxide storage assessment unit and distinguishes it from USGS National Oil and Gas Assessment Project assessment units that may have similar numbers. The first digit after "C" of the code indicates the world region number (5), the following three digits (036) are the North America province number, the following two digits (C5036xx) are the basin number, and the last two digits (C503601xx) are the storage assessment unit number of that particular basin. For each storage assessment unit, a well-density cell map displays the number of well penetrations per 1-square-mile cell into the storage formation. For more detailed description of how the storage assessment unit boundary was drawn or the well-density cell map, refer to the Wyoming-Idaho-Utah Thrust Belt section of the Open-File Report by Buursink and others (2014).</attraccr></attracc><logic>The drilling-density cell maps are derived from a compilation of well data in the proprietary IHS ENERDEQ database. Individual wells are assessed to determine whether the well penetrated the storage assessment unit of interest. Wells sharing the same well borehole are treated as a single penetration. This storage-assessment-unit-penetrating subset of all wells is then compared to a national cell map to calculate the number of wells or the density of wells per 1-square-mile cell. The cell density values have been compared to actual locations of wells.</logic><complete>The drilling-density cell maps are complete to the extent that specific information was reported by the well driller and subsequently included in the proprietary IHS ENERDEQ database. In the absence of reported data about the formation at total depth, oldest age penetrated, driller's total depth, true vertical depth, producing formation for initial production, completion and status information, and dates for spudding, completion, and abandonment, wells are conservatively eliminated from consideration for creating the drilling-density cell maps. Old historical drilling or nonpetroleum industry wells might not be included in the IHS well database; however, the minimum depth to a storage assessment unit is 3,000 feet.</complete><posacc><horizpa><horizpar>The drilling-density cell maps are derived from well data reported in the proprietary IHS ENERDEQ database. Surface locations of wells are used to calculate the well density per 1-square-mile cell. The horizontal accuracy depends on the accuracy of the position of the well reported in the database. Drilling density based on the surface is an approximation of the drilling density on top of the structure of the storage assessment unit.</horizpar></horizpa></posacc><lineage><srcinfo><srccite><citeinfo><origin>IHS Energy Group</origin><pubdate>20110120</pubdate><title>IHS Enerdeq U.S. well data</title><geoform>tabular digital data</geoform><pubinfo><pubplace>Englewood, Colorado, U.S.A.</pubplace><publish>IHS Energy Group</publish></pubinfo><onlink>&lt;http://www.ihs.com/products/oil-gas-information/data-access/enerdeq/browser.aspx&gt;</onlink></citeinfo></srccite><typesrc>online</typesrc><srctime><timeinfo><sngdate><caldate>20110120</caldate></sngdate></timeinfo><srccurr>publication date</srccurr></srctime><srccitea>Well data</srccitea><srccontr>Source of all well records used to determine the drilling-density cell map or the count of wells drilled into specific SAUs.</srccontr></srcinfo><srcinfo><srccite><citeinfo><origin>U.S. Geological Survey</origin><pubdate>2014</pubdate><title>National Geologic Carbon Dioxide Storage Resources project: Wyoming-Idaho-Utah Thrust Belt (C5036) Storage Assessment Units</title><geoform>vector digital data</geoform><pubinfo><pubplace>Reston, Virginia</pubplace><publish>U.S. Geological Survey</publish></pubinfo><onlink>&lt;http://energy.usgs.gov/HealthEnvironment/EnergyProductionUse/GeologicCO2Sequestration.aspx&gt;</onlink><lworkcit><citeinfo><pubdate>2014</pubdate><title>Geologic Framework for the National Assessment of Carbon Dioxide Storage Resources—Greater Green River Basin, Wyoming, Colorado, and Utah, and Wyoming-Idaho-Utah Thrust Belt</title><serinfo><sername>USGS Open-File Report</sername><issue>OFR-2012-1024-E</issue></serinfo><pubinfo><pubplace>Reston, Virginia</pubplace><publish>U.S. Geological Survey</publish></pubinfo><onlink>&lt;http://dx.doi.org/10.3133/ofr20121024e&gt;</onlink><origin>Buursink, M.L.</origin><origin>Slucher, E.R.</origin><origin>Brennan, S.T.</origin><origin>Doolan, C.A.</origin><origin>Drake, R.M., II</origin><origin>Merrill, M.D.</origin><origin>Warwick, P.D.</origin><origin>Blondes, M.S.</origin><origin>Freeman, P.A.</origin><origin>Cahan, S.M.</origin><origin>DeVera, C.A.</origin><origin>Lohr, C.D.</origin></citeinfo></lworkcit><serinfo><sername>Shapefile</sername><issue>SAU_C5036xxxx.shp</issue></serinfo></citeinfo></srccite><srctime><timeinfo><sngdate><caldate>2014</caldate></sngdate></timeinfo><srccurr>publication date</srccurr></srctime><typesrc>online</typesrc><srccitea>SAU boundary</srccitea><srccontr>Storage assessment unit boundary used to clip wells in order to generate drilling-density cell map for respective SAU.</srccontr></srcinfo><procstep><procdesc>Wells of the Wyoming-Idaho-Utah Thrust Belt were retrieved from IHS (downloaded Jan 20, 2011, from IHS ENERDEQ). Wells penetrating each storage assessment unit were identified.</procdesc><procdate>2013</procdate></procstep><procstep><procdesc>Projection of well data changed from North American Datum 1927 to North American Datum 1983 using ArcGIS 10.0 project tool and the NADCON_1927_1983 transformation.</procdesc><procdate>2013</procdate></procstep><procstep><procdesc>Well data clipped to storage assessment unit.</procdesc><procdate>2013</procdate></procstep><procstep><procdesc>Based on a spatial join of wells to a reference cell map, the number of wells drilled per 1-square-mile cell is calculated. The attributes were added from the storage assessment unit output data file for the Wyoming-Idaho-Utah Thrust Belt. This output file is available at the URL to the National Assessment of Geologic Carbon Dioxide Storage Resources Online Homepage (see Distribution Information).</procdesc><procdate>2013</procdate></procstep></lineage></dataqual><spdoinfo><direct>Vector</direct><ptvctinf><sdtsterm><sdtstype>G-polygon</sdtstype><ptvctcnt>1154</ptvctcnt></sdtsterm></ptvctinf></spdoinfo><spref><horizsys><geograph><latres>0.000001</latres><longres>0.000001</longres><geogunit>Decimal degrees</geogunit></geograph><geodetic><horizdn>North American Datum of 1983</horizdn><ellips>Geodetic Reference System 80</ellips><semiaxis>6378137.000000</semiaxis><denflat>298.257222</denflat></geodetic></horizsys></spref><eainfo><detailed><enttyp><enttypl>Cell_(SAU_CODE)</enttypl><enttypd>Well-density cell feature for the storage assessment unit code</enttypd><enttypds>National Assessment of Geologic Carbon Dioxide Storage Resources project </enttypds></enttyp><attr><attrlabl>FID</attrlabl><attrdef>Internal feature number</attrdef><attrdefs>ESRI</attrdefs><attrdomv><udom>Sequential unique whole numbers that are automatically generated</udom></attrdomv></attr><attr><attrlabl>Shape</attrlabl><attrdef>Feature geometry</attrdef><attrdefs>ESRI</attrdefs><attrdomv><udom>Coordinates defining the features</udom></attrdomv></attr><attr><attrlabl>SAU_CODE</attrlabl><attrdef>The nine-digit code identifies the USGS-specific storage assessment unit. The preceding letter "C" refers to a carbon dioxide storage assessment unit and distinguishes it from USGS National Oil and Gas Assessment Project assessment units that may have similar numbers. The first digit after "C" of the code indicates the world region number (5), the following three digits (036) are the North America province number, the following two digits (C5036xx) are the basin number, and the last two digits (C503601xx) are the storage assessment unit number of that particular basin.</attrdef><attrdefs>National Assessment of Geologic Carbon Dioxide Storage Resources project </attrdefs><attrdomv><edom><edomv>C50360101</edomv><edomvd>Paleozoic Composite </edomvd><edomvds>National Assessment of Geologic Carbon Dioxide Storage Resources project</edomvds></edom></attrdomv><attrdomv><edom><edomv>C50360102</edomv><edomvd>Paleozoic Composite Deep</edomvd><edomvds>National Assessment of Geologic Carbon Dioxide Storage Resources project </edomvds></edom></attrdomv><attrdomv><edom><edomv>C50360103</edomv><edomvd>Nugget Sandstone</edomvd><edomvds>National Assessment of Geologic Carbon Dioxide Storage Resources project</edomvds></edom></attrdomv><attrdomv><edom><edomv>C50360104</edomv><edomvd>Nugget Sandstone Deep</edomvd><edomvds>National Assessment of Geologic Carbon Dioxide Storage Resources project</edomvds></edom></attrdomv><attrdomv><edom><edomv>C50360105</edomv><edomvd>Bear River Formation</edomvd><edomvds>National Assessment of Geologic Carbon Dioxide Storage Resources project</edomvds></edom></attrdomv><attrdomv><edom><edomv>C50360106</edomv><edomvd>Bear River Formation Deep</edomvd><edomvds>National Assessment of Geologic Carbon Dioxide Storage Resources project</edomvds></edom></attrdomv><attrdomv><edom><edomv>C50360107</edomv><edomvd>Frontier Sandstone</edomvd><edomvds>National Assessment of Geologic Carbon Dioxide Storage Resources project</edomvds></edom></attrdomv><attrdomv><edom><edomv>C50360108</edomv><edomvd>Frontier Sandstone Deep</edomvd><edomvds>National Assessment of Geologic Carbon Dioxide Storage Resources project</edomvds></edom></attrdomv></attr><attr><attrlabl>REGION</attrlabl><attrdef>U.S. Geological Survey World Energy Region Name</attrdef><attrdefs>U.S. Geological Survey World Energy Project; &lt;http://energy.usgs.gov/OilGas/AssessmentsData/WorldPetroleumAssessment.aspx&gt;; downloadable data</attrdefs><attrdomv><udom>Unabbreviated descriptive text</udom></attrdomv></attr><attr><attrlabl>PROVINCE</attrlabl><attrdef>U.S. Geological Survey World Energy Province</attrdef><attrdefs>U.S. Geological Survey World Energy Project; &lt;http://energy.usgs.gov/OilGas/AssessmentsData/WorldPetroleumAssessment.aspx&gt;; downloadable data</attrdefs><attrdomv><udom>Unabbreviated descriptive text</udom></attrdomv></attr><attr><attrlabl>BASIN</attrlabl><attrdef>U.S. Geological Survey World Energy Basin</attrdef><attrdefs>U.S. Geological Survey World Energy Project; &lt;http://energy.usgs.gov/OilGas/AssessmentsData/WorldPetroleumAssessment.aspx&gt;; downloadable data</attrdefs><attrdomv><udom>Unabbreviated descriptive text</udom></attrdomv></attr><attr><attrlabl>SAU_NAME</attrlabl><attrdef>Name of the storage assessment unit based on the storage formation or interval</attrdef><attrdefs>National Assessment of Geologic Carbon Dioxide Storage Resources project</attrdefs><attrdomv><udom>Unabbreviated descriptive text</udom></attrdomv></attr><attr><attrlabl>SYSTEM</attrlabl><attrdef>Geologic age of the storage assessment unit</attrdef><attrdefs>Geologic literature</attrdefs><attrdomv><edom><edomv>Paleozoic</edomv><edomvd>Geologic system of the storage assessment unit based on geological literature as determined by the U.S. Geological Survey National Assessment of Geologic Carbon Dioxide Storage Resources project</edomvd><edomvds>U.S. Geological Survey Geologic Names Committee, 2010, Divisions of geologic time—Major chronostratigraphic and geochronologic units: U.S. Geological Survey Fact Sheet 2010-3059, 2 p., available only at URL &lt;http://pubs.usgs.gov/fs/2010/3059/&gt;.</edomvds></edom></attrdomv><attrdomv><edom><edomv>Triassic - Jurassic</edomv><edomvd>Geologic system of the storage assessment unit based on geological literature as determined by the U.S. Geological Survey National Assessment of Geologic Carbon Dioxide Storage Resources project</edomvd><edomvds>U.S. Geological Survey Geologic Names Committee, 2010, Divisions of geologic time—Major chronostratigraphic and geochronologic units: U.S. Geological Survey Fact Sheet 2010-3059, 2 p., available only at URL &lt;http://pubs.usgs.gov/fs/2010/3059/&gt;.</edomvds></edom></attrdomv><attrdomv><edom><edomv>Cretaceous</edomv><edomvd>Geologic system of the storage assessment unit based on geological literature as determined by the U.S. Geological Survey National Assessment of Geologic Carbon Dioxide Storage Resources project</edomvd><edomvds>U.S. Geological Survey Geologic Names Committee, 2010, Divisions of geologic time—Major chronostratigraphic and geochronological units: U.S. Geological Survey Fact Sheet 2010-3059, 2 p., available only at URL &lt;http://pubs.usgs.gov/fs/2010/3059&gt;</edomvds></edom></attrdomv></attr><attr><attrlabl>DENSITY</attrlabl><attrdef>Number of wells per 1-square-mile cell</attrdef><attrdefs>National Assessment of Geologic Carbon Dioxide Storage Resources project</attrdefs><attrdomv><udom>Integer defining the well density</udom></attrdomv></attr></detailed></eainfo><distinfo><distrib><cntinfo><cntorgp><cntorg>USGS Information Services</cntorg></cntorgp><cntaddr><addrtype>mailing address</addrtype><address>Box 25286 Denver Federal Center</address><city>Denver</city><state>Colorado</state><postal>80225</postal><country>U.S.A. </country></cntaddr><cntvoice>1-888-ASK-USGS</cntvoice><cntfax>303-202-4693</cntfax><cntemail>ask@usgs.gov</cntemail><cntinst>The dataset is available at National Geologic Carbon Dioxide Sequestration Assessment Project online homepage at &lt;http://energy.usgs.gov/HealthEnvironment/EnergyProductionUse/GeologicCO2Sequestration.aspx&gt;.</cntinst></cntinfo></distrib><resdesc>Downloadable data</resdesc><distliab>None. This database, identified as Open-File Report 2012-1024-E, has been approved for release and publication by the Director of the U.S. Geological Survey. Although the database has been subjected to rigorous review and is substantially complete, the USGS reserves the right to revise the data pursuant to further analysis and review. Furthermore, it is released on condition that neither the USGS nor the United States Government may be held liable for any damages resulting from its authorized or unauthorized use. Although these data have been processed successfully on a computer system at the USGS, no warranty expressed or implied is made regarding the display or utility of the data on any other system, or for general or scientific purposes, nor shall the act of distribution constitute any such warranty. The USGS shall not be held liable for improper or incorrect use of the data described and/or contained herein. Any use of trade, product, or firm names is for descriptive purposes only and does not imply endorsement by the U.S. Government. Although this information product, for the most part, is in the public domain, it may also contain copyrighted materials as noted in the text. Permission to reproduce copyrighted items for other than personal use must be secured by the copyright owner.</distliab><stdorder><digform><digtinfo><formname>Shapefile</formname><formcont>Drilling-density cell features and attribute data of storage assessment unit</formcont><filedec>unzip</filedec><transize>132 KB</transize></digtinfo><digtopt><onlinopt><computer><networka><networkr>&lt;http://energy.usgs.gov/HealthEnvironment/EnergyProductionUse/GeologicCO2Sequestration.aspx&gt;</networkr></networka></computer><accinstr>The URL above links to a compressed file containing drilling-density cell maps for one or more storage assessment unit boundaries. </accinstr></onlinopt></digtopt></digform><fees>None</fees><ordering>These products can be downloaded individually using any one of the Network_Resource_Name URLs above. Each of these URLs provide access to various formats of these data.</ordering></stdorder></distinfo><metainfo><metc><cntinfo><cntpos>Operations Research Analyst</cntpos><cntaddr><addrtype>mailing and physical address</addrtype><address>U.S. Geological Survey, 956 National Center, 12201 Sunrise Valley Drive</address><city>Reston</city><state>Virginia</state><postal>20192</postal><country>U.S.A. </country></cntaddr><cntvoice>(703) 648-6447</cntvoice><cntfax>(703) 648-6419</cntfax><cntemail>pfreeman@usgs.gov</cntemail><cntinst>For inquiries regarding this document, please include the metadata contact person's name, dataset name, and publication series and number.</cntinst><cntperp><cntper>Philip Freeman</cntper><cntorg>U.S. Geological Survey, Eastern Energy Resources Science Center</cntorg></cntperp></cntinfo></metc><metd>20130221</metd><metstdn>FGDC Content Standards for Digital Geospatial Metadata</metstdn><metstdv>FGDC-STD-001-1998</metstdv><mettc>local time</mettc><metextns><onlink>&lt;http://www.esri.com/metadata/esriprof80.html&gt;</onlink><metprof>ESRI Metadata Profile</metprof></metextns></metainfo></metadata>
