<?xml version="1.0" encoding="UTF-8"?>
<metadata xml:lang="en"><Esri><CreaDate>20140109</CreaDate><CreaTime>15182500</CreaTime><ArcGISstyle>FGDC CSDGM Metadata</ArcGISstyle><SyncOnce>FALSE</SyncOnce><DataProperties><itemProps><itemName Sync="TRUE">merged</itemName><imsContentType Sync="TRUE">002</imsContentType><itemSize Sync="TRUE">0.000</itemSize><itemLocation><linkage Sync="TRUE">file://\\IGSAAAHMWSG530\D$\CO2_Sequestration\SAUWriteUp\Uinta_Piceance_Basins\UPB_SAUWriteUp\Metadata\Step1_Draft_Metadata\SAU_5020\SAU_C50200102</linkage><protocol Sync="TRUE">Local Area Network</protocol></itemLocation></itemProps><coordRef><type Sync="TRUE">Geographic</type><geogcsn Sync="TRUE">GCS_North_American_1983</geogcsn><peXml Sync="TRUE">&lt;GeographicCoordinateSystem xsi:type='typens:GeographicCoordinateSystem' xmlns:xsi='http://www.w3.org/2001/XMLSchema-instance' xmlns:xs='http://www.w3.org/2001/XMLSchema' xmlns:typens='http://www.esri.com/schemas/ArcGIS/10.0'&gt;&lt;WKT&gt;GEOGCS[&amp;quot;GCS_North_American_1983&amp;quot;,DATUM[&amp;quot;D_North_American_1983&amp;quot;,SPHEROID[&amp;quot;GRS_1980&amp;quot;,6378137.0,298.257222101]],PRIMEM[&amp;quot;Greenwich&amp;quot;,0.0],UNIT[&amp;quot;Degree&amp;quot;,0.0174532925199433],AUTHORITY[&amp;quot;EPSG&amp;quot;,4269]]&lt;/WKT&gt;&lt;XOrigin&gt;-399.99999999999989&lt;/XOrigin&gt;&lt;YOrigin&gt;-399.99999999999989&lt;/YOrigin&gt;&lt;XYScale&gt;11258999068426.24&lt;/XYScale&gt;&lt;ZOrigin&gt;-100000&lt;/ZOrigin&gt;&lt;ZScale&gt;10000&lt;/ZScale&gt;&lt;MOrigin&gt;-100000&lt;/MOrigin&gt;&lt;MScale&gt;10000&lt;/MScale&gt;&lt;XYTolerance&gt;8.9831528411952117e-009&lt;/XYTolerance&gt;&lt;ZTolerance&gt;0.001&lt;/ZTolerance&gt;&lt;MTolerance&gt;0.001&lt;/MTolerance&gt;&lt;HighPrecision&gt;true&lt;/HighPrecision&gt;&lt;LeftLongitude&gt;-180&lt;/LeftLongitude&gt;&lt;WKID&gt;4269&lt;/WKID&gt;&lt;/GeographicCoordinateSystem&gt;</peXml><csUnits Sync="TRUE">Angular Unit: Degree (0.017453)</csUnits></coordRef><lineage><Process ToolSource="C:\ArcGIS\Desktop10.0\ArcToolbox\Toolboxes\Data Management Tools.tbx\FeatureToPolygon" Date="20110929" Time="144858">FeatureToPolygon Uinta_Piceance_Pz_Comp_01a "C:\GIS - Steve\CO2\data request work\Marc_Buursink\Uinta_Piceance_Basin\SAUs\Uinta_Piceance_Pz_Comp_01.shp" # ATTRIBUTES #</Process><Process ToolSource="C:\ArcGIS\Desktop10.0\ArcToolbox\Toolboxes\Data Management Tools.tbx\FeatureToLine" Date="20111005" Time="172128">FeatureToLine Uinta_Piceance_Pz_Comp_01 "C:\GIS - Steve\CO2\data request work\Marc_Buursink\Uinta_Piceance_Basin\SAUs\Uinta_Piceance_Pz_Comp_01line2.shp" # ATTRIBUTES</Process><Process ToolSource="C:\ArcGIS\Desktop10.0\ArcToolbox\Toolboxes\Data Management Tools.tbx\Merge" Date="20111005" Time="174544">Merge Uinta_Piceance_Pz_Comp_01line2;Uinta_Piceance_Pz_Comp_03a "C:\GIS - Steve\CO2\data request work\Marc_Buursink\Uinta_Piceance_Basin\SAUs\Uinta_Piceance_Pz_Comp_03b.shp" "FID_Uinta_ "FID_Uinta_" true true false 9 Long 0 9 ,First,#,Uinta_Piceance_Pz_Comp_01line2,FID_Uinta_,-1,-1,Uinta_Piceance_Pz_Comp_03a,FID_Uinta_,-1,-1;Id "Id" true true false 6 Long 0 6 ,First,#,Uinta_Piceance_Pz_Comp_01line2,Id,-1,-1,Uinta_Piceance_Pz_Comp_03a,Id,-1,-1"</Process><Process ToolSource="C:\ArcGIS\Desktop10.0\ArcToolbox\Toolboxes\Data Management Tools.tbx\FeatureToPolygon" Date="20111005" Time="174601">FeatureToPolygon Uinta_Piceance_Pz_Comp_03b "C:\GIS - Steve\CO2\data request work\Marc_Buursink\Uinta_Piceance_Basin\SAUs\Uinta_Piceance_Pz_Comp_03c.shp" # ATTRIBUTES #</Process><Process ToolSource="C:\ArcGIS\Desktop10.0\ArcToolbox\Toolboxes\Data Management Tools.tbx\Dissolve" Date="20111005" Time="174958">Dissolve Uinta_Piceance_Pz_Comp_03c "C:\GIS - Steve\CO2\data request work\Marc_Buursink\Uinta_Piceance_Basin\SAUs\Uinta_Piceance_Pz_Comp_03.shp" # # MULTI_PART DISSOLVE_LINES</Process><Process ToolSource="C:\ArcGIS\Desktop10.0\ArcToolbox\Toolboxes\Data Management Tools.tbx\Merge" Date="20111011" Time="110823">Merge Uinta_Piceance_Pz_Comp_03;Uinta_Piceance_Pz_Comp_02 "C:\GIS - Steve\CO2\data request work\Marc_Buursink\Uinta_Piceance_Basin\SAUs\Uinta_Piceance_Pz_Comp_04a.shp" "Id "Id" true true false 6 Long 0 6 ,First,#,Uinta_Piceance_Pz_Comp_03,Id,-1,-1,Uinta_Piceance_Pz_Comp_02,Id,-1,-1"</Process><Process ToolSource="C:\ArcGIS\Desktop10.0\ArcToolbox\Toolboxes\Data Management Tools.tbx\FeatureToLine" Date="20111011" Time="110902">FeatureToLine Uinta_Piceance_Pz_Comp_04a "C:\GIS - Steve\CO2\data request work\Marc_Buursink\Uinta_Piceance_Basin\SAUs\Uinta_Piceance_Pz_Comp_04b.shp" # ATTRIBUTES</Process><Process ToolSource="C:\ArcGIS\Desktop10.0\ArcToolbox\Toolboxes\Data Management Tools.tbx\FeatureToPolygon" Date="20111011" Time="111608">FeatureToPolygon Uinta_Piceance_Pz_Comp_04b "C:\GIS - Steve\CO2\data request work\Marc_Buursink\Uinta_Piceance_Basin\SAUs\Uinta_Piceance_Pz_Comp_04c.shp" # ATTRIBUTES #</Process><Process ToolSource="C:\ArcGIS\Desktop10.0\ArcToolbox\Toolboxes\Data Management Tools.tbx\Dissolve" Date="20111011" Time="112229">Dissolve Uinta_Piceance_Pz_Comp_04c "C:\GIS - Steve\CO2\data request work\Marc_Buursink\Uinta_Piceance_Basin\SAUs\Uinta_Piceance_Pz_Comp_04d.shp" type # MULTI_PART DISSOLVE_LINES</Process><Process ToolSource="c:\arcgis\desktop10.0\ArcToolbox\Toolboxes\Data Management Tools.tbx\Project" Date="20120213" Time="114310">Project "O:\USGS Natl Assmt\Basins\Uinta_Piceance_Basin\GIS_Data\sau_final\draft\Uinta_Piceance_Pz_Comp_Reg_04.shp" "C:\GIS - Steve\CO2\sau_final_shapefiles_WEB_READY_PREP\Uinta Piceance\Uinta_Piceance_Pz_Comp_Reg_04.shp" GEOGCS['GCS_North_American_1983',DATUM['D_North_American_1983',SPHEROID['GRS_1980',6378137.0,298.257222101]],PRIMEM['Greenwich',0.0],UNIT['Degree',0.0174532925199433]] # GEOGCS['DD_NAD83',DATUM['D_North_American_1983',SPHEROID['GRS_1980',6378137.0,298.257222101]],PRIMEM['Greenwich',0.0],UNIT['Degree',0.0174532925199433]]</Process><Process ToolSource="c:\arcgis\desktop10.0\ArcToolbox\Toolboxes\Analysis Tools.tbx\Clip" Date="20120224" Time="093543">Clip C50200101 tpsMerge5020-simp "C:\GIS - Steve\CO2\sau_final_shapefiles_WEB_READY_PREP\Uinta Piceance\C50200101_clip.shp" #</Process><Process ToolSource="c:\arcgis\desktop10.0\ArcToolbox\Toolboxes\Data Management Tools.tbx\Merge" Date="20120224" Time="094524">Merge C50200101_clip;C50200102_clip;C50200103_clip;C50200104_clip;C50200105_clip "C:\GIS - Steve\CO2\sau_final_shapefiles_WEB_READY_PREP\Uinta Piceance\merged.shp" "SAU_CODE "SAU_CODE" true true false 60 Text 0 0 ,First,#,C50200101_clip,SAU_CODE,-1,-1,C50200102_clip,SAU_CODE,-1,-1,C50200103_clip,SAU_CODE,-1,-1,C50200104_clip,SAU_CODE,-1,-1,C50200105_clip,SAU_CODE,-1,-1"</Process><Process ToolSource="C:\ArcGIS\Desktop10.0\ArcToolbox\Toolboxes\Data Management Tools.tbx\CalculateField" Date="20120224" Time="095102">CalculateField merged REGION "North America" VB #</Process><Process ToolSource="C:\ArcGIS\Desktop10.0\ArcToolbox\Toolboxes\Data Management Tools.tbx\CalculateField" Date="20120224" Time="095349">CalculateField merged PROVINCE "Uinta-Piceance Basin" VB #</Process><Process ToolSource="C:\ArcGIS\Desktop10.0\ArcToolbox\Toolboxes\Data Management Tools.tbx\CalculateField" Date="20120224" Time="095600">CalculateField merged BASIN "Uinta-Piceance Basin" VB #</Process></lineage><copyHistory><copy source="D:\CO2_Sequestration\SAUWriteUp\Uinta_Piceance_Basins\drill_hole_density\WEB_READY_SAU\SAU_C50200102" dest="\\IGSAAAHMWSG530\D$\CO2_Sequestration\SAUWriteUp\Uinta_Piceance_Basins\UPB_SAUWriteUp\Metadata\Step1_Draft_Metadata\SAU_5020\SAU_C50200102" date="20140109" time="15182500"></copy></copyHistory></DataProperties><SyncDate>20120224</SyncDate><SyncTime>09452400</SyncTime><ModDate>20120224</ModDate><ModTime>09452400</ModTime></Esri><dataIdInfo><envirDesc Sync="TRUE">Microsoft Windows 7 Version 6.1 (Build 7601) Service Pack 1; ESRI ArcGIS 10.0.3.3600</envirDesc><dataLang><languageCode value="eng" country="USA"></languageCode><countryCode value="USA" Sync="TRUE"></countryCode></dataLang><idCitation><resTitle Sync="TRUE">merged</resTitle><presForm><PresFormCd value="005"></PresFormCd></presForm></idCitation><descKeys><thesaName uuidref="723f6998-058e-11dc-8314-0800200c9a66"></thesaName><keyword Sync="TRUE">002</keyword></descKeys><spatRpType><SpatRepTypCd value="001"></SpatRepTypCd></spatRpType></dataIdInfo><mdLang><languageCode value="eng"></languageCode><countryCode value="USA" Sync="TRUE"></countryCode></mdLang><mdChar><CharSetCd value="004"></CharSetCd></mdChar><distInfo><distFormat><formatName Sync="TRUE">Shapefile</formatName></distFormat><distTranOps><transSize Sync="TRUE">0.000</transSize></distTranOps></distInfo><mdHrLv><ScopeCd value="005"></ScopeCd></mdHrLv><mdHrLvName Sync="TRUE">dataset</mdHrLvName><refSysInfo><RefSystem><refSysID><identCode code="0"></identCode><idCodeSpace Sync="TRUE">EPSG</idCodeSpace><idVersion Sync="TRUE">7.4.1</idVersion></refSysID></RefSystem></refSysInfo><spdoinfo><ptvctinf><esriterm><efeatyp Sync="TRUE">Simple</efeatyp><efeageom code="4" Sync="TRUE"></efeageom><esritopo Sync="TRUE">FALSE</esritopo><efeacnt Sync="TRUE">0</efeacnt><spindex Sync="TRUE">FALSE</spindex><linrefer Sync="TRUE">FALSE</linrefer></esriterm></ptvctinf></spdoinfo><spatRepInfo><VectSpatRep><geometObjs Name="merged"><geoObjTyp><GeoObjTypCd value="002" Sync="TRUE"></GeoObjTypCd></geoObjTyp><geoObjCnt Sync="TRUE">0</geoObjCnt></geometObjs><topLvl><TopoLevCd value="001" Sync="TRUE"></TopoLevCd></topLvl></VectSpatRep></spatRepInfo><eainfo><detailed Name="merged"><enttyp><enttypl Sync="TRUE">merged</enttypl><enttypt Sync="TRUE">Feature Class</enttypt><enttypc Sync="TRUE">0</enttypc></enttyp><attr><attrlabl Sync="TRUE">FID</attrlabl><attalias Sync="TRUE">FID</attalias><attrtype Sync="TRUE">OID</attrtype><attwidth Sync="TRUE">4</attwidth><atprecis Sync="TRUE">0</atprecis><attscale Sync="TRUE">0</attscale><attrdef Sync="TRUE">Internal feature number.</attrdef><attrdefs Sync="TRUE">ESRI</attrdefs><attrdomv><udom Sync="TRUE">Sequential unique whole numbers that are automatically generated.</udom></attrdomv></attr><attr><attrlabl Sync="TRUE">Shape</attrlabl><attalias Sync="TRUE">Shape</attalias><attrtype Sync="TRUE">Geometry</attrtype><attwidth Sync="TRUE">0</attwidth><atprecis Sync="TRUE">0</atprecis><attscale Sync="TRUE">0</attscale><attrdef Sync="TRUE">Feature geometry.</attrdef><attrdefs Sync="TRUE">ESRI</attrdefs><attrdomv><udom Sync="TRUE">Coordinates defining the features.</udom></attrdomv></attr><attr><attrlabl Sync="TRUE">SAU_CODE</attrlabl><attalias Sync="TRUE">SAU_CODE</attalias><attrtype Sync="TRUE">String</attrtype><attwidth Sync="TRUE">60</attwidth><atprecis Sync="TRUE">0</atprecis><attscale Sync="TRUE">0</attscale></attr></detailed></eainfo><mdDateSt Sync="TRUE">20120224</mdDateSt></metadata>
